student_id,age,gender,highschool,scholarship,work,activity,partner,salary,transport,living,mother_edu,father_edu,sibling_num,parental_status,mother_job,father_job,study_hour,read_freq_no_sci,read_freq_sci,attend_dept,impact_project,attend_class,prep_study,prep_exam,note,listen,discuss,classroom,cuml_gpa,exp_gpa,course_id,grade,predict,run_id
STUDENT1,2,2,3,3,1,2,2,1,1,1,1,2,3,1,2,5,3,2,2,1,1,1,1,1,3,2,1,2,1,1,1,1,5,0
STUDENT1,2,2,3,3,1,2,2,1,1,1,1,2,3,1,2,5,3,2,2,1,1,1,1,1,3,2,1,2,1,1,1,1,4,1
STUDENT1,2,2,3,3,1,2,2,1,1,1,1,2,3,1,2,5,3,2,2,1,1,1,1,1,3,2,1,2,1,1,1,1,4,2
STUDENT1,2,2,3,3,1,2,2,1,1,1,1,2,3,1,2,5,3,2,2,1,1,1,1,1,3,2,1,2,1,1,1,1,4,3
STUDENT1,2,2,3,3,1,2,2,1,1,1,1,2,3,1,2,5,3,2,2,1,1,1,1,1,3,2,1,2,1,1,1,1,1,-1
STUDENT2,2,2,3,3,1,2,2,1,1,1,2,3,2,1,2,1,2,2,2,1,1,1,1,1,3,2,3,2,2,3,1,1,4,0
STUDENT2,2,2,3,3,1,2,2,1,1,1,2,3,2,1,2,1,2,2,2,1,1,1,1,1,3,2,3,2,2,3,1,1,4,1
STUDENT2,2,2,3,3,1,2,2,1,1,1,2,3,2,1,2,1,2,2,2,1,1,1,1,1,3,2,3,2,2,3,1,1,3,2
STUDENT2,2,2,3,3,1,2,2,1,1,1,2,3,2,1,2,1,2,2,2,1,1,1,1,1,3,2,3,2,2,3,1,1,3,3
STUDENT2,2,2,3,3,1,2,2,1,1,1,2,3,2,1,2,1,2,2,2,1,1,1,1,1,3,2,3,2,2,3,1,1,1,-1
STUDENT3,2,2,2,3,2,2,2,2,4,2,2,2,2,1,2,1,2,1,2,1,1,1,1,1,2,2,1,1,2,2,1,1,3,0
STUDENT3,2,2,2,3,2,2,2,2,4,2,2,2,2,1,2,1,2,1,2,1,1,1,1,1,2,2,1,1,2,2,1,1,3,1
STUDENT3,2,2,2,3,2,2,2,2,4,2,2,2,2,1,2,1,2,1,2,1,1,1,1,1,2,2,1,1,2,2,1,1,2,2
STUDENT3,2,2,2,3,2,2,2,2,4,2,2,2,2,1,2,1,2,1,2,1,1,1,1,1,2,2,1,1,2,2,1,1,4,3
STUDENT3,2,2,2,3,2,2,2,2,4,2,2,2,2,1,2,1,2,1,2,1,1,1,1,1,2,2,1,1,2,2,1,1,1,-1
STUDENT4,1,1,1,3,1,2,1,2,1,2,1,2,5,1,2,1,3,1,2,1,1,1,1,2,3,2,2,1,3,2,1,1,5,0
STUDENT4,1,1,1,3,1,2,1,2,1,2,1,2,5,1,2,1,3,1,2,1,1,1,1,2,3,2,2,1,3,2,1,1,4,1
STUDENT4,1,1,1,3,1,2,1,2,1,2,1,2,5,1,2,1,3,1,2,1,1,1,1,2,3,2,2,1,3,2,1,1,3,2
STUDENT4,1,1,1,3,1,2,1,2,1,2,1,2,5,1,2,1,3,1,2,1,1,1,1,2,3,2,2,1,3,2,1,1,5,3
STUDENT4,1,1,1,3,1,2,1,2,1,2,1,2,5,1,2,1,3,1,2,1,1,1,1,2,3,2,2,1,3,2,1,1,1,-1
STUDENT5,2,2,1,3,2,2,1,3,1,4,3,3,2,1,2,4,2,1,1,1,1,1,2,1,2,2,2,1,2,2,1,1,3,0
STUDENT5,2,2,1,3,2,2,1,3,1,4,3,3,2,1,2,4,2,1,1,1,1,1,2,1,2,2,2,1,2,2,1,1,3,1
STUDENT5,2,2,1,3,2,2,1,3,1,4,3,3,2,1,2,4,2,1,1,1,1,1,2,1,2,2,2,1,2,2,1,1,3,2
STUDENT5,2,2,1,3,2,2,1,3,1,4,3,3,2,1,2,4,2,1,1,1,1,1,2,1,2,2,2,1,2,2,1,1,4,3
STUDENT5,2,2,1,3,2,2,1,3,1,4,3,3,2,1,2,4,2,1,1,1,1,1,2,1,2,2,2,1,2,2,1,1,1,-1
STUDENT6,2,2,2,3,2,2,2,2,1,1,3,3,2,1,2,3,1,1,2,1,1,1,1,1,1,2,1,2,4,4,1,2,4,0
STUDENT6,2,2,2,3,2,2,2,2,1,1,3,3,2,1,2,3,1,1,2,1,1,1,1,1,1,2,1,2,4,4,1,2,2,1
STUDENT6,2,2,2,3,2,2,2,2,1,1,3,3,2,1,2,3,1,1,2,1,1,1,1,1,1,2,1,2,4,4,1,2,3,2
STUDENT6,2,2,2,3,2,2,2,2,1,1,3,3,2,1,2,3,1,1,2,1,1,1,1,1,1,2,1,2,4,4,1,2,3,3
STUDENT6,2,2,2,3,2,2,2,2,1,1,3,3,2,1,2,3,1,1,2,1,1,1,1,1,1,2,1,2,4,4,1,2,2,-1
STUDENT7,1,2,2,4,2,2,2,1,1,3,1,3,1,1,2,4,2,2,2,2,1,2,1,1,3,3,3,3,4,4,1,5,3,0
STUDENT7,1,2,2,4,2,2,2,1,1,3,1,3,1,1,2,4,2,2,2,2,1,2,1,1,3,3,3,3,4,4,1,5,3,1
STUDENT7,1,2,2,4,2,2,2,1,1,3,1,3,1,1,2,4,2,2,2,2,1,2,1,1,3,3,3,3,4,4,1,5,4,2
STUDENT7,1,2,2,4,2,2,2,1,1,3,1,3,1,1,2,4,2,2,2,2,1,2,1,1,3,3,3,3,4,4,1,5,3,3
STUDENT7,1,2,2,4,2,2,2,1,1,3,1,3,1,1,2,4,2,2,2,2,1,2,1,1,3,3,3,3,4,4,1,5,5,-1
STUDENT8,1,1,2,3,1,1,1,2,2,3,4,3,1,1,4,3,1,2,2,1,1,1,3,1,3,2,2,1,1,1,1,2,4,0
STUDENT8,1,1,2,3,1,1,1,2,2,3,4,3,1,1,4,3,1,2,2,1,1,1,3,1,3,2,2,1,1,1,1,2,5,1
STUDENT8,1,1,2,3,1,1,1,2,2,3,4,3,1,1,4,3,1,2,2,1,1,1,3,1,3,2,2,1,1,1,1,2,5,2
STUDENT8,1,1,2,3,1,1,1,2,2,3,4,3,1,1,4,3,1,2,2,1,1,1,3,1,3,2,2,1,1,1,1,2,5,3
STUDENT8,1,1,2,3,1,1,1,2,2,3,4,3,1,1,4,3,1,2,2,1,1,1,3,1,3,2,2,1,1,1,1,2,2,-1
STUDENT9,2,1,3,3,2,1,1,1,1,3,2,4,2,1,2,4,1,2,2,1,1,1,1,1,3,2,2,2,4,3,1,5,3,0
STUDENT9,2,1,3,3,2,1,1,1,1,3,2,4,2,1,2,4,1,2,2,1,1,1,1,1,3,2,2,2,4,3,1,5,5,1
STUDENT9,2,1,3,3,2,1,1,1,1,3,2,4,2,1,2,4,1,2,2,1,1,1,1,1,3,2,2,2,4,3,1,5,4,2
STUDENT9,2,1,3,3,2,1,1,1,1,3,2,4,2,1,2,4,1,2,2,1,1,1,1,1,3,2,2,2,4,3,1,5,5,3
STUDENT9,2,1,3,3,2,1,1,1,1,3,2,4,2,1,2,4,1,2,2,1,1,1,1,1,3,2,2,2,4,3,1,5,5,-1
STUDENT10,2,1,2,3,2,2,1,3,4,2,1,2,3,1,2,3,2,2,2,1,1,2,1,1,2,2,2,2,1,2,1,0,3,0
STUDENT10,2,1,2,3,2,2,1,3,4,2,1,2,3,1,2,3,2,2,2,1,1,2,1,1,2,2,2,2,1,2,1,0,2,1
STUDENT10,2,1,2,3,2,2,1,3,4,2,1,2,3,1,2,3,2,2,2,1,1,2,1,1,2,2,2,2,1,2,1,0,3,2
STUDENT10,2,1,2,3,2,2,1,3,4,2,1,2,3,1,2,3,2,2,2,1,1,2,1,1,2,2,2,2,1,2,1,0,3,3
STUDENT10,2,1,2,3,2,2,1,3,4,2,1,2,3,1,2,3,2,2,2,1,1,2,1,1,2,2,2,2,1,2,1,0,0,-1
STUDENT11,1,1,1,3,2,2,2,3,2,3,3,4,2,1,3,2,1,1,1,1,1,2,1,1,2,2,2,2,1,1,1,2,4,0
STUDENT11,1,1,1,3,2,2,2,3,2,3,3,4,2,1,3,2,1,1,1,1,1,2,1,1,2,2,2,2,1,1,1,2,4,1
STUDENT11,1,1,1,3,2,2,2,3,2,3,3,4,2,1,3,2,1,1,1,1,1,2,1,1,2,2,2,2,1,1,1,2,3,2
STUDENT11,1,1,1,3,2,2,2,3,2,3,3,4,2,1,3,2,1,1,1,1,1,2,1,1,2,2,2,2,1,1,1,2,5,3
STUDENT11,1,1,1,3,2,2,2,3,2,3,3,4,2,1,3,2,1,1,1,1,1,2,1,1,2,2,2,2,1,1,1,2,2,-1
STUDENT12,1,1,1,4,1,1,2,4,2,3,5,5,1,1,3,2,3,3,3,1,3,1,3,2,3,1,3,3,4,3,1,0,6,0
STUDENT12,1,1,1,4,1,1,2,4,2,3,5,5,1,1,3,2,3,3,3,1,3,1,3,2,3,1,3,3,4,3,1,0,6,1
STUDENT12,1,1,1,4,1,1,2,4,2,3,5,5,1,1,3,2,3,3,3,1,3,1,3,2,3,1,3,3,4,3,1,0,5,2
STUDENT12,1,1,1,4,1,1,2,4,2,3,5,5,1,1,3,2,3,3,3,1,3,1,3,2,3,1,3,3,4,3,1,0,5,3
STUDENT12,1,1,1,4,1,1,2,4,2,3,5,5,1,1,3,2,3,3,3,1,3,1,3,2,3,1,3,3,4,3,1,0,0,-1
STUDENT13,1,1,1,4,2,2,2,1,1,1,3,5,4,2,2,2,3,2,2,1,1,1,1,1,2,2,2,3,4,2,1,0,4,0
STUDENT13,1,1,1,4,2,2,2,1,1,1,3,5,4,2,2,2,3,2,2,1,1,1,1,1,2,2,2,3,4,2,1,0,5,1
STUDENT13,1,1,1,4,2,2,2,1,1,1,3,5,4,2,2,2,3,2,2,1,1,1,1,1,2,2,2,3,4,2,1,0,5,2
STUDENT13,1,1,1,4,2,2,2,1,1,1,3,5,4,2,2,2,3,2,2,1,1,1,1,1,2,2,2,3,4,2,1,0,4,3
STUDENT13,1,1,1,4,2,2,2,1,1,1,3,5,4,2,2,2,3,2,2,1,1,1,1,1,2,2,2,3,4,2,1,0,0,-1
STUDENT14,2,1,2,5,2,2,2,1,1,1,2,2,2,1,2,3,1,2,1,1,1,2,1,1,3,2,3,3,4,2,1,1,6,0
STUDENT14,2,1,2,5,2,2,2,1,1,1,2,2,2,1,2,3,1,2,1,1,1,2,1,1,3,2,3,3,4,2,1,1,4,1
STUDENT14,2,1,2,5,2,2,2,1,1,1,2,2,2,1,2,3,1,2,1,1,1,2,1,1,3,2,3,3,4,2,1,1,4,2
STUDENT14,2,1,2,5,2,2,2,1,1,1,2,2,2,1,2,3,1,2,1,1,1,2,1,1,3,2,3,3,4,2,1,1,4,3
STUDENT14,2,1,2,5,2,2,2,1,1,1,2,2,2,1,2,3,1,2,1,1,1,2,1,1,3,2,3,3,4,2,1,1,1,-1
STUDENT15,3,2,2,4,1,1,2,3,4,2,3,1,2,1,4,1,2,2,2,1,1,1,1,1,2,3,2,1,4,4,1,2,4,0
STUDENT15,3,2,2,4,1,1,2,3,4,2,3,1,2,1,4,1,2,2,2,1,1,1,1,1,2,3,2,1,4,4,1,2,5,1
STUDENT15,3,2,2,4,1,1,2,3,4,2,3,1,2,1,4,1,2,2,2,1,1,1,1,1,2,3,2,1,4,4,1,2,5,2
STUDENT15,3,2,2,4,1,1,2,3,4,2,3,1,2,1,4,1,2,2,2,1,1,1,1,1,2,3,2,1,4,4,1,2,3,3
STUDENT15,3,2,2,4,1,1,2,3,4,2,3,1,2,1,4,1,2,2,2,1,1,1,1,1,2,3,2,1,4,4,1,2,2,-1
STUDENT16,2,2,2,3,2,2,2,1,1,2,4,4,2,1,3,1,2,2,2,2,3,2,1,1,3,2,2,3,2,2,1,2,3,0
STUDENT16,2,2,2,3,2,2,2,1,1,2,4,4,2,1,3,1,2,2,2,2,3,2,1,1,3,2,2,3,2,2,1,2,3,1
STUDENT16,2,2,2,3,2,2,2,1,1,2,4,4,2,1,3,1,2,2,2,2,3,2,1,1,3,2,2,3,2,2,1,2,2,2
STUDENT16,2,2,2,3,2,2,2,1,1,2,4,4,2,1,3,1,2,2,2,2,3,2,1,1,3,2,2,3,2,2,1,2,3,3
STUDENT16,2,2,2,3,2,2,2,1,1,2,4,4,2,1,3,1,2,2,2,2,3,2,1,1,3,2,2,3,2,2,1,2,2,-1
STUDENT17,1,1,2,5,2,1,2,1,1,1,2,2,4,1,2,3,2,2,2,1,1,2,1,1,3,2,3,3,4,3,1,1,4,0
STUDENT17,1,1,2,5,2,1,2,1,1,1,2,2,4,1,2,3,2,2,2,1,1,2,1,1,3,2,3,3,4,3,1,1,5,1
STUDENT17,1,1,2,5,2,1,2,1,1,1,2,2,4,1,2,3,2,2,2,1,1,2,1,1,3,2,3,3,4,3,1,1,5,2
STUDENT17,1,1,2,5,2,1,2,1,1,1,2,2,4,1,2,3,2,2,2,1,1,2,1,1,3,2,3,3,4,3,1,1,5,3
STUDENT17,1,1,2,5,2,1,2,1,1,1,2,2,4,1,2,3,2,2,2,1,1,2,1,1,3,2,3,3,4,3,1,1,1,-1
STUDENT18,2,2,2,3,2,2,2,1,1,1,2,2,2,1,2,1,2,2,2,2,1,2,1,1,2,2,2,2,2,2,1,2,3,0
STUDENT18,2,2,2,3,2,2,2,1,1,1,2,2,2,1,2,1,2,2,2,2,1,2,1,1,2,2,2,2,2,2,1,2,2,1
STUDENT18,2,2,2,3,2,2,2,1,1,1,2,2,2,1,2,1,2,2,2,2,1,2,1,1,2,2,2,2,2,2,1,2,3,2
STUDENT18,2,2,2,3,2,2,2,1,1,1,2,2,2,1,2,1,2,2,2,2,1,2,1,1,2,2,2,2,2,2,1,2,4,3
STUDENT18,2,2,2,3,2,2,2,1,1,1,2,2,2,1,2,1,2,2,2,2,1,2,1,1,2,2,2,2,2,2,1,2,2,-1
STUDENT19,1,1,2,4,2,2,2,3,1,1,2,2,5,1,2,5,5,3,2,2,1,2,1,1,3,1,3,3,3,3,1,2,4,0
STUDENT19,1,1,2,4,2,2,2,3,1,1,2,2,5,1,2,5,5,3,2,2,1,2,1,1,3,1,3,3,3,3,1,2,5,1
STUDENT19,1,1,2,4,2,2,2,3,1,1,2,2,5,1,2,5,5,3,2,2,1,2,1,1,3,1,3,3,3,3,1,2,3,2
STUDENT19,1,1,2,4,2,2,2,3,1,1,2,2,5,1,2,5,5,3,2,2,1,2,1,1,3,1,3,3,3,3,1,2,5,3
STUDENT19,1,1,2,4,2,2,2,3,1,1,2,2,5,1,2,5,5,3,2,2,1,2,1,1,3,1,3,3,3,3,1,2,2,-1
STUDENT20,1,2,1,3,2,2,1,2,2,2,3,3,3,1,2,4,4,2,2,1,2,1,1,1,3,2,2,3,2,3,1,3,4,0
STUDENT20,1,2,1,3,2,2,1,2,2,2,3,3,3,1,2,4,4,2,2,1,2,1,1,1,3,2,2,3,2,3,1,3,3,1
STUDENT20,1,2,1,3,2,2,1,2,2,2,3,3,3,1,2,4,4,2,2,1,2,1,1,1,3,2,2,3,2,3,1,3,2,2
STUDENT20,1,2,1,3,2,2,1,2,2,2,3,3,3,1,2,4,4,2,2,1,2,1,1,1,3,2,2,3,2,3,1,3,4,3
STUDENT20,1,2,1,3,2,2,1,2,2,2,3,3,3,1,2,4,4,2,2,1,2,1,1,1,3,2,2,3,2,3,1,3,3,-1
STUDENT21,1,2,2,5,1,2,1,1,4,2,3,3,3,2,2,3,4,2,2,2,1,1,1,2,3,1,2,3,4,4,1,1,3,0
STUDENT21,1,2,2,5,1,2,1,1,4,2,3,3,3,2,2,3,4,2,2,2,1,1,1,2,3,1,2,3,4,4,1,1,3,1
STUDENT21,1,2,2,5,1,2,1,1,4,2,3,3,3,2,2,3,4,2,2,2,1,1,1,2,3,1,2,3,4,4,1,1,4,2
STUDENT21,1,2,2,5,1,2,1,1,4,2,3,3,3,2,2,3,4,2,2,2,1,1,1,2,3,1,2,3,4,4,1,1,3,3
STUDENT21,1,2,2,5,1,2,1,1,4,2,3,3,3,2,2,3,4,2,2,2,1,1,1,2,3,1,2,3,4,4,1,1,1,-1
STUDENT22,1,2,2,5,2,2,1,1,4,2,2,2,4,1,2,3,3,2,2,1,1,1,1,1,3,1,3,3,3,3,1,1,4,0
STUDENT22,1,2,2,5,2,2,1,1,4,2,2,2,4,1,2,3,3,2,2,1,1,1,1,1,3,1,3,3,3,3,1,1,4,1
STUDENT22,1,2,2,5,2,2,1,1,4,2,2,2,4,1,2,3,3,2,2,1,1,1,1,1,3,1,3,3,3,3,1,1,5,2
STUDENT22,1,2,2,5,2,2,1,1,4,2,2,2,4,1,2,3,3,2,2,1,1,1,1,1,3,1,3,3,3,3,1,1,3,3
STUDENT22,1,2,2,5,2,2,1,1,4,2,2,2,4,1,2,3,3,2,2,1,1,1,1,1,3,1,3,3,3,3,1,1,1,-1
STUDENT23,2,2,2,3,1,2,1,1,1,1,1,1,4,2,2,4,3,3,3,1,1,1,1,2,3,1,2,3,3,3,1,3,4,0
STUDENT23,2,2,2,3,1,2,1,1,1,1,1,1,4,2,2,4,3,3,3,1,1,1,1,2,3,1,2,3,3,3,1,3,2,1
STUDENT23,2,2,2,3,1,2,1,1,1,1,1,1,4,2,2,4,3,3,3,1,1,1,1,2,3,1,2,3,3,3,1,3,5,2
STUDENT23,2,2,2,3,1,2,1,1,1,1,1,1,4,2,2,4,3,3,3,1,1,1,1,2,3,1,2,3,3,3,1,3,3,3
STUDENT23,2,2,2,3,1,2,1,1,1,1,1,1,4,2,2,4,3,3,3,1,1,1,1,2,3,1,2,3,3,3,1,3,3,-1
STUDENT24,3,2,2,2,1,1,2,5,1,1,1,4,3,1,2,1,3,2,3,1,1,2,1,1,3,2,3,3,3,3,1,1,5,0
STUDENT24,3,2,2,2,1,1,2,5,1,1,1,4,3,1,2,1,3,2,3,1,1,2,1,1,3,2,3,3,3,3,1,1,6,1
STUDENT24,3,2,2,2,1,1,2,5,1,1,1,4,3,1,2,1,3,2,3,1,1,2,1,1,3,2,3,3,3,3,1,1,5,2
STUDENT24,3,2,2,2,1,1,2,5,1,1,1,4,3,1,2,1,3,2,3,1,1,2,1,1,3,2,3,3,3,3,1,1,4,3
STUDENT24,3,2,2,2,1,1,2,5,1,1,1,4,3,1,2,1,3,2,3,1,1,2,1,1,3,2,3,3,3,3,1,1,1,-1
STUDENT25,2,2,2,3,2,2,2,2,1,1,3,1,3,1,2,4,1,2,2,1,1,1,1,1,2,1,3,2,4,4,1,2,5,0
STUDENT25,2,2,2,3,2,2,2,2,1,1,3,1,3,1,2,4,1,2,2,1,1,1,1,1,2,1,3,2,4,4,1,2,6,1
STUDENT25,2,2,2,3,2,2,2,2,1,1,3,1,3,1,2,4,1,2,2,1,1,1,1,1,2,1,3,2,4,4,1,2,5,2
STUDENT25,2,2,2,3,2,2,2,2,1,1,3,1,3,1,2,4,1,2,2,1,1,1,1,1,2,1,3,2,4,4,1,2,4,3
STUDENT25,2,2,2,3,2,2,2,2,1,1,3,1,3,1,2,4,1,2,2,1,1,1,1,1,2,1,3,2,4,4,1,2,2,-1
STUDENT26,2,2,2,3,2,2,1,1,1,2,1,4,3,1,2,4,2,2,2,1,1,1,1,1,2,1,3,2,1,2,1,3,1,0
STUDENT26,2,2,2,3,2,2,1,1,1,2,1,4,3,1,2,4,2,2,2,1,1,1,1,1,2,1,3,2,1,2,1,3,3,1
STUDENT26,2,2,2,3,2,2,1,1,1,2,1,4,3,1,2,4,2,2,2,1,1,1,1,1,2,1,3,2,1,2,1,3,3,2
STUDENT26,2,2,2,3,2,2,1,1,1,2,1,4,3,1,2,4,2,2,2,1,1,1,1,1,2,1,3,2,1,2,1,3,3,3
STUDENT26,2,2,2,3,2,2,1,1,1,2,1,4,3,1,2,4,2,2,2,1,1,1,1,1,2,1,3,2,1,2,1,3,3,-1
STUDENT27,2,2,2,3,2,1,1,1,1,1,4,4,4,1,2,4,2,3,2,1,1,1,1,1,3,3,3,2,2,1,1,1,2,0
STUDENT27,2,2,2,3,2,1,1,1,1,1,4,4,4,1,2,4,2,3,2,1,1,1,1,1,3,3,3,2,2,1,1,1,5,1
STUDENT27,2,2,2,3,2,1,1,1,1,1,4,4,4,1,2,4,2,3,2,1,1,1,1,1,3,3,3,2,2,1,1,1,3,2
STUDENT27,2,2,2,3,2,1,1,1,1,1,4,4,4,1,2,4,2,3,2,1,1,1,1,1,3,3,3,2,2,1,1,1,5,3
STUDENT27,2,2,2,3,2,1,1,1,1,1,4,4,4,1,2,4,2,3,2,1,1,1,1,1,3,3,3,2,2,1,1,1,1,-1
STUDENT28,1,2,1,3,1,2,2,1,1,1,1,1,4,1,2,3,3,2,2,1,1,2,1,1,3,1,2,1,2,1,1,1,4,0
STUDENT28,1,2,1,3,1,2,2,1,1,1,1,1,4,1,2,3,3,2,2,1,1,2,1,1,3,1,2,1,2,1,1,1,4,1
STUDENT28,1,2,1,3,1,2,2,1,1,1,1,1,4,1,2,3,3,2,2,1,1,2,1,1,3,1,2,1,2,1,1,1,3,2
STUDENT28,1,2,1,3,1,2,2,1,1,1,1,1,4,1,2,3,3,2,2,1,1,2,1,1,3,1,2,1,2,1,1,1,4,3
STUDENT28,1,2,1,3,1,2,2,1,1,1,1,1,4,1,2,3,3,2,2,1,1,2,1,1,3,1,2,1,2,1,1,1,1,-1
STUDENT29,3,2,2,3,2,2,1,1,4,2,2,2,4,1,2,1,2,2,2,1,1,1,1,1,3,2,3,3,5,4,1,3,4,0
STUDENT29,3,2,2,3,2,2,1,1,4,2,2,2,4,1,2,1,2,2,2,1,1,1,1,1,3,2,3,3,5,4,1,3,2,1
STUDENT29,3,2,2,3,2,2,1,1,4,2,2,2,4,1,2,1,2,2,2,1,1,1,1,1,3,2,3,3,5,4,1,3,3,2
STUDENT29,3,2,2,3,2,2,1,1,4,2,2,2,4,1,2,1,2,2,2,1,1,1,1,1,3,2,3,3,5,4,1,3,4,3
STUDENT29,3,2,2,3,2,2,1,1,4,2,2,2,4,1,2,1,2,2,2,1,1,1,1,1,3,2,3,3,5,4,1,3,3,-1
STUDENT30,2,2,3,4,2,2,2,1,4,2,3,3,2,1,4,1,2,2,2,1,1,1,1,1,3,2,2,2,4,3,1,5,2,0
STUDENT30,2,2,3,4,2,2,2,1,4,2,3,3,2,1,4,1,2,2,2,1,1,1,1,1,3,2,2,2,4,3,1,5,3,1
STUDENT30,2,2,3,4,2,2,2,1,4,2,3,3,2,1,4,1,2,2,2,1,1,1,1,1,3,2,2,2,4,3,1,5,6,2
STUDENT30,2,2,3,4,2,2,2,1,4,2,3,3,2,1,4,1,2,2,2,1,1,1,1,1,3,2,2,2,4,3,1,5,4,3
STUDENT30,2,2,3,4,2,2,2,1,4,2,3,3,2,1,4,1,2,2,2,1,1,1,1,1,3,2,2,2,4,3,1,5,5,-1
STUDENT31,2,2,2,5,1,1,1,1,1,2,1,1,5,1,2,4,2,2,2,1,1,1,2,1,2,3,3,3,5,4,1,5,4,0
STUDENT31,2,2,2,5,1,1,1,1,1,2,1,1,5,1,2,4,2,2,2,1,1,1,2,1,2,3,3,3,5,4,1,5,4,1
STUDENT31,2,2,2,5,1,1,1,1,1,2,1,1,5,1,2,4,2,2,2,1,1,1,2,1,2,3,3,3,5,4,1,5,3,2
STUDENT31,2,2,2,5,1,1,1,1,1,2,1,1,5,1,2,4,2,2,2,1,1,1,2,1,2,3,3,3,5,4,1,5,5,3
STUDENT31,2,2,2,5,1,1,1,1,1,2,1,1,5,1,2,4,2,2,2,1,1,1,2,1,2,3,3,3,5,4,1,5,5,-1
STUDENT32,3,2,2,3,1,2,2,1,1,2,1,2,4,1,2,3,2,2,3,1,1,1,1,1,3,3,2,3,4,3,1,3,3,0
STUDENT32,3,2,2,3,1,2,2,1,1,2,1,2,4,1,2,3,2,2,3,1,1,1,1,1,3,3,2,3,4,3,1,3,4,1
STUDENT32,3,2,2,3,1,2,2,1,1,2,1,2,4,1,2,3,2,2,3,1,1,1,1,1,3,3,2,3,4,3,1,3,4,2
STUDENT32,3,2,2,3,1,2,2,1,1,2,1,2,4,1,2,3,2,2,3,1,1,1,1,1,3,3,2,3,4,3,1,3,3,3
STUDENT32,3,2,2,3,1,2,2,1,1,2,1,2,4,1,2,3,2,2,3,1,1,1,1,1,3,3,2,3,4,3,1,3,3,-1
STUDENT33,2,1,2,3,2,2,2,2,1,1,2,2,2,1,2,1,2,2,2,1,1,2,1,1,2,2,2,1,2,3,1,1,2,0
STUDENT33,2,1,2,3,2,2,2,2,1,1,2,2,2,1,2,1,2,2,2,1,1,2,1,1,2,2,2,1,2,3,1,1,2,1
STUDENT33,2,1,2,3,2,2,2,2,1,1,2,2,2,1,2,1,2,2,2,1,1,2,1,1,2,2,2,1,2,3,1,1,4,2
STUDENT33,2,1,2,3,2,2,2,2,1,1,2,2,2,1,2,1,2,2,2,1,1,2,1,1,2,2,2,1,2,3,1,1,3,3
STUDENT33,2,1,2,3,2,2,2,2,1,1,2,2,2,1,2,1,2,2,2,1,1,2,1,1,2,2,2,1,2,3,1,1,1,-1
STUDENT34,2,1,2,3,1,2,1,1,1,1,1,2,5,1,2,3,2,1,2,1,1,1,1,1,1,3,2,2,2,3,1,2,3,0
STUDENT34,2,1,2,3,1,2,1,1,1,1,1,2,5,1,2,3,2,1,2,1,1,1,1,1,1,3,2,2,2,3,1,2,3,1
STUDENT34,2,1,2,3,1,2,1,1,1,1,1,2,5,1,2,3,2,1,2,1,1,1,1,1,1,3,2,2,2,3,1,2,3,2
STUDENT34,2,1,2,3,1,2,1,1,1,1,1,2,5,1,2,3,2,1,2,1,1,1,1,1,1,3,2,2,2,3,1,2,4,3
STUDENT34,2,1,2,3,1,2,1,1,1,1,1,2,5,1,2,3,2,1,2,1,1,1,1,1,1,3,2,2,2,3,1,2,2,-1
STUDENT35,1,2,1,3,2,2,1,2,1,1,3,3,3,1,2,4,2,1,1,1,1,2,1,1,2,2,3,1,4,1,1,2,2,0
STUDENT35,1,2,1,3,2,2,1,2,1,1,3,3,3,1,2,4,2,1,1,1,1,2,1,1,2,2,3,1,4,1,1,2,2,1
STUDENT35,1,2,1,3,2,2,1,2,1,1,3,3,3,1,2,4,2,1,1,1,1,2,1,1,2,2,3,1,4,1,1,2,2,2
STUDENT35,1,2,1,3,2,2,1,2,1,1,3,3,3,1,2,4,2,1,1,1,1,2,1,1,2,2,3,1,4,1,1,2,3,3
STUDENT35,1,2,1,3,2,2,1,2,1,1,3,3,3,1,2,4,2,1,1,1,1,2,1,1,2,2,3,1,4,1,1,2,2,-1
STUDENT36,1,2,1,4,2,2,2,3,1,1,1,2,5,1,2,3,2,2,2,1,1,2,1,1,2,1,3,1,1,1,1,1,3,0
STUDENT36,1,2,1,4,2,2,2,3,1,1,1,2,5,1,2,3,2,2,2,1,1,2,1,1,2,1,3,1,1,1,1,1,4,1
STUDENT36,1,2,1,4,2,2,2,3,1,1,1,2,5,1,2,3,2,2,2,1,1,2,1,1,2,1,3,1,1,1,1,1,3,2
STUDENT36,1,2,1,4,2,2,2,3,1,1,1,2,5,1,2,3,2,2,2,1,1,2,1,1,2,1,3,1,1,1,1,1,3,3
STUDENT36,1,2,1,4,2,2,2,3,1,1,1,2,5,1,2,3,2,2,2,1,1,2,1,1,2,1,3,1,1,1,1,1,1,-1
STUDENT37,2,2,3,4,1,2,1,3,1,1,1,1,2,2,4,3,1,1,3,1,1,2,2,1,2,1,2,1,4,3,1,2,4,0
STUDENT37,2,2,3,4,1,2,1,3,1,1,1,1,2,2,4,3,1,1,3,1,1,2,2,1,2,1,2,1,4,3,1,2,5,1
STUDENT37,2,2,3,4,1,2,1,3,1,1,1,1,2,2,4,3,1,1,3,1,1,2,2,1,2,1,2,1,4,3,1,2,5,2
STUDENT37,2,2,3,4,1,2,1,3,1,1,1,1,2,2,4,3,1,1,3,1,1,2,2,1,2,1,2,1,4,3,1,2,5,3
STUDENT37,2,2,3,4,1,2,1,3,1,1,1,1,2,2,4,3,1,1,3,1,1,2,2,1,2,1,2,1,4,3,1,2,2,-1
STUDENT38,2,2,2,3,1,1,1,2,2,3,3,3,1,1,2,3,2,2,2,1,1,1,1,1,3,2,3,3,5,4,1,1,4,0
STUDENT38,2,2,2,3,1,1,1,2,2,3,3,3,1,1,2,3,2,2,2,1,1,1,1,1,3,2,3,3,5,4,1,1,4,1
STUDENT38,2,2,2,3,1,1,1,2,2,3,3,3,1,1,2,3,2,2,2,1,1,1,1,1,3,2,3,3,5,4,1,1,3,2
STUDENT38,2,2,2,3,1,1,1,2,2,3,3,3,1,1,2,3,2,2,2,1,1,1,1,1,3,2,3,3,5,4,1,1,3,3
STUDENT38,2,2,2,3,1,1,1,2,2,3,3,3,1,1,2,3,2,2,2,1,1,1,1,1,3,2,3,3,5,4,1,1,1,-1
STUDENT39,2,2,2,5,2,2,2,1,1,1,3,3,1,1,2,4,3,2,2,1,1,1,2,1,2,2,2,2,4,3,1,2,5,0
STUDENT39,2,2,2,5,2,2,2,1,1,1,3,3,1,1,2,4,3,2,2,1,1,1,2,1,2,2,2,2,4,3,1,2,5,1
STUDENT39,2,2,2,5,2,2,2,1,1,1,3,3,1,1,2,4,3,2,2,1,1,1,2,1,2,2,2,2,4,3,1,2,5,2
STUDENT39,2,2,2,5,2,2,2,1,1,1,3,3,1,1,2,4,3,2,2,1,1,1,2,1,2,2,2,2,4,3,1,2,6,3
STUDENT39,2,2,2,5,2,2,2,1,1,1,3,3,1,1,2,4,3,2,2,1,1,1,2,1,2,2,2,2,4,3,1,2,2,-1
STUDENT40,2,1,2,3,2,2,1,1,1,2,1,3,1,1,2,4,1,2,1,1,1,1,1,1,2,2,2,3,2,1,1,1,3,0
STUDENT40,2,1,2,3,2,2,1,1,1,2,1,3,1,1,2,4,1,2,1,1,1,1,1,1,2,2,2,3,2,1,1,1,3,1
STUDENT40,2,1,2,3,2,2,1,1,1,2,1,3,1,1,2,4,1,2,1,1,1,1,1,1,2,2,2,3,2,1,1,1,3,2
STUDENT40,2,1,2,3,2,2,1,1,1,2,1,3,1,1,2,4,1,2,1,1,1,1,1,1,2,2,2,3,2,1,1,1,4,3
STUDENT40,2,1,2,3,2,2,1,1,1,2,1,3,1,1,2,4,1,2,1,1,1,1,1,1,2,2,2,3,2,1,1,1,1,-1
STUDENT41,1,2,1,3,2,2,2,2,1,1,2,3,1,1,2,5,1,2,2,1,1,1,1,1,3,1,2,1,2,3,1,1,4,0
STUDENT41,1,2,1,3,2,2,2,2,1,1,2,3,1,1,2,5,1,2,2,1,1,1,1,1,3,1,2,1,2,3,1,1,5,1
STUDENT41,1,2,1,3,2,2,2,2,1,1,2,3,1,1,2,5,1,2,2,1,1,1,1,1,3,1,2,1,2,3,1,1,4,2
STUDENT41,1,2,1,3,2,2,2,2,1,1,2,3,1,1,2,5,1,2,2,1,1,1,1,1,3,1,2,1,2,3,1,1,5,3
STUDENT41,1,2,1,3,2,2,2,2,1,1,2,3,1,1,2,5,1,2,2,1,1,1,1,1,3,1,2,1,2,3,1,1,1,-1
STUDENT42,3,2,2,3,1,2,2,2,1,2,1,4,2,1,2,2,3,2,2,1,1,2,1,1,3,2,2,3,4,3,1,1,4,0
STUDENT42,3,2,2,3,1,2,2,2,1,2,1,4,2,1,2,2,3,2,2,1,1,2,1,1,3,2,2,3,4,3,1,1,4,1
STUDENT42,3,2,2,3,1,2,2,2,1,2,1,4,2,1,2,2,3,2,2,1,1,2,1,1,3,2,2,3,4,3,1,1,3,2
STUDENT42,3,2,2,3,1,2,2,2,1,2,1,4,2,1,2,2,3,2,2,1,1,2,1,1,3,2,2,3,4,3,1,1,4,3
STUDENT42,3,2,2,3,1,2,2,2,1,2,1,4,2,1,2,2,3,2,2,1,1,2,1,1,3,2,2,3,4,3,1,1,1,-1
STUDENT43,2,2,2,3,2,1,2,1,4,2,4,4,2,1,3,1,2,2,1,1,1,1,1,1,2,1,3,1,2,3,1,1,4,0
STUDENT43,2,2,2,3,2,1,2,1,4,2,4,4,2,1,3,1,2,2,1,1,1,1,1,1,2,1,3,1,2,3,1,1,3,1
STUDENT43,2,2,2,3,2,1,2,1,4,2,4,4,2,1,3,1,2,2,1,1,1,1,1,1,2,1,3,1,2,3,1,1,3,2
STUDENT43,2,2,2,3,2,1,2,1,4,2,4,4,2,1,3,1,2,2,1,1,1,1,1,1,2,1,3,1,2,3,1,1,3,3
STUDENT43,2,2,2,3,2,1,2,1,4,2,4,4,2,1,3,1,2,2,1,1,1,1,1,1,2,1,3,1,2,3,1,1,1,-1
STUDENT44,1,2,2,3,2,2,1,1,1,1,2,3,3,1,2,1,2,2,2,1,1,2,1,1,3,1,3,3,3,2,1,4,3,0
STUDENT44,1,2,2,3,2,2,1,1,1,1,2,3,3,1,2,1,2,2,2,1,1,2,1,1,3,1,3,3,3,2,1,4,3,1
STUDENT44,1,2,2,3,2,2,1,1,1,1,2,3,3,1,2,1,2,2,2,1,1,2,1,1,3,1,3,3,3,2,1,4,2,2
STUDENT44,1,2,2,3,2,2,1,1,1,1,2,3,3,1,2,1,2,2,2,1,1,2,1,1,3,1,3,3,3,2,1,4,2,3
STUDENT44,1,2,2,3,2,2,1,1,1,1,2,3,3,1,2,1,2,2,2,1,1,2,1,1,3,1,3,3,3,2,1,4,4,-1
STUDENT45,2,2,3,3,2,2,1,1,1,1,1,3,2,1,2,5,2,2,2,1,1,1,2,1,3,2,2,1,4,3,1,1,3,0
STUDENT45,2,2,3,3,2,2,1,1,1,1,1,3,2,1,2,5,2,2,2,1,1,1,2,1,3,2,2,1,4,3,1,1,3,1
STUDENT45,2,2,3,3,2,2,1,1,1,1,1,3,2,1,2,5,2,2,2,1,1,1,2,1,3,2,2,1,4,3,1,1,3,2
STUDENT45,2,2,3,3,2,2,1,1,1,1,1,3,2,1,2,5,2,2,2,1,1,1,2,1,3,2,2,1,4,3,1,1,3,3
STUDENT45,2,2,3,3,2,2,1,1,1,1,1,3,2,1,2,5,2,2,2,1,1,1,2,1,3,2,2,1,4,3,1,1,1,-1
STUDENT46,1,2,2,3,2,2,1,4,1,1,2,3,5,1,2,4,3,2,2,1,1,1,1,1,2,2,2,1,4,3,1,3,4,0
STUDENT46,1,2,2,3,2,2,1,4,1,1,2,3,5,1,2,4,3,2,2,1,1,1,1,1,2,2,2,1,4,3,1,3,4,1
STUDENT46,1,2,2,3,2,2,1,4,1,1,2,3,5,1,2,4,3,2,2,1,1,1,1,1,2,2,2,1,4,3,1,3,4,2
STUDENT46,1,2,2,3,2,2,1,4,1,1,2,3,5,1,2,4,3,2,2,1,1,1,1,1,2,2,2,1,4,3,1,3,4,3
STUDENT46,1,2,2,3,2,2,1,4,1,1,2,3,5,1,2,4,3,2,2,1,1,1,1,1,2,2,2,1,4,3,1,3,3,-1
STUDENT47,2,2,2,3,2,2,1,1,1,1,1,2,3,1,2,5,2,2,2,1,1,1,1,1,2,2,3,1,4,2,1,5,3,0
STUDENT47,2,2,2,3,2,2,1,1,1,1,1,2,3,1,2,5,2,2,2,1,1,1,1,1,2,2,3,1,4,2,1,5,3,1
STUDENT47,2,2,2,3,2,2,1,1,1,1,1,2,3,1,2,5,2,2,2,1,1,1,1,1,2,2,3,1,4,2,1,5,3,2
STUDENT47,2,2,2,3,2,2,1,1,1,1,1,2,3,1,2,5,2,2,2,1,1,1,1,1,2,2,3,1,4,2,1,5,2,3
STUDENT47,2,2,2,3,2,2,1,1,1,1,1,2,3,1,2,5,2,2,2,1,1,1,1,1,2,2,3,1,4,2,1,5,5,-1
STUDENT48,2,2,2,3,2,2,1,1,1,2,4,3,1,1,5,4,2,2,2,1,1,2,1,1,2,1,3,2,5,3,1,3,3,0
STUDENT48,2,2,2,3,2,2,1,1,1,2,4,3,1,1,5,4,2,2,2,1,1,2,1,1,2,1,3,2,5,3,1,3,3,1
STUDENT48,2,2,2,3,2,2,1,1,1,2,4,3,1,1,5,4,2,2,2,1,1,2,1,1,2,1,3,2,5,3,1,3,2,2
STUDENT48,2,2,2,3,2,2,1,1,1,2,4,3,1,1,5,4,2,2,2,1,1,2,1,1,2,1,3,2,5,3,1,3,2,3
STUDENT48,2,2,2,3,2,2,1,1,1,2,4,3,1,1,5,4,2,2,2,1,1,2,1,1,2,1,3,2,5,3,1,3,3,-1
STUDENT49,1,2,2,3,2,1,1,1,1,2,3,3,3,1,2,2,1,1,2,1,1,1,1,1,3,2,3,2,2,2,1,1,4,0
STUDENT49,1,2,2,3,2,1,1,1,1,2,3,3,3,1,2,2,1,1,2,1,1,1,1,1,3,2,3,2,2,2,1,1,4,1
STUDENT49,1,2,2,3,2,1,1,1,1,2,3,3,3,1,2,2,1,1,2,1,1,1,1,1,3,2,3,2,2,2,1,1,3,2
STUDENT49,1,2,2,3,2,1,1,1,1,2,3,3,3,1,2,2,1,1,2,1,1,1,1,1,3,2,3,2,2,2,1,1,3,3
STUDENT49,1,2,2,3,2,1,1,1,1,2,3,3,3,1,2,2,1,1,2,1,1,1,1,1,3,2,3,2,2,2,1,1,1,-1
STUDENT50,1,2,1,4,2,2,2,2,4,1,2,3,2,1,2,4,2,2,2,1,1,1,2,1,2,2,2,1,3,2,1,2,3,0
STUDENT50,1,2,1,4,2,2,2,2,4,1,2,3,2,1,2,4,2,2,2,1,1,1,2,1,2,2,2,1,3,2,1,2,3,1
STUDENT50,1,2,1,4,2,2,2,2,4,1,2,3,2,1,2,4,2,2,2,1,1,1,2,1,2,2,2,1,3,2,1,2,6,2
STUDENT50,1,2,1,4,2,2,2,2,4,1,2,3,2,1,2,4,2,2,2,1,1,1,2,1,2,2,2,1,3,2,1,2,3,3
STUDENT50,1,2,1,4,2,2,2,2,4,1,2,3,2,1,2,4,2,2,2,1,1,1,2,1,2,2,2,1,3,2,1,2,2,-1
STUDENT51,2,2,2,3,2,2,1,2,2,1,1,1,2,1,2,3,2,2,2,1,1,2,1,1,2,2,2,3,3,3,1,1,3,0
STUDENT51,2,2,2,3,2,2,1,2,2,1,1,1,2,1,2,3,2,2,2,1,1,2,1,1,2,2,2,3,3,3,1,1,3,1
STUDENT51,2,2,2,3,2,2,1,2,2,1,1,1,2,1,2,3,2,2,2,1,1,2,1,1,2,2,2,3,3,3,1,1,3,2
STUDENT51,2,2,2,3,2,2,1,2,2,1,1,1,2,1,2,3,2,2,2,1,1,2,1,1,2,2,2,3,3,3,1,1,3,3
STUDENT51,2,2,2,3,2,2,1,2,2,1,1,1,2,1,2,3,2,2,2,1,1,2,1,1,2,2,2,3,3,3,1,1,1,-1
STUDENT52,2,1,3,3,1,1,2,1,1,1,1,2,5,1,2,1,1,2,2,1,1,2,1,1,2,3,3,1,3,3,1,4,5,0
STUDENT52,2,1,3,3,1,1,2,1,1,1,1,2,5,1,2,1,1,2,2,1,1,2,1,1,2,3,3,1,3,3,1,4,5,1
STUDENT52,2,1,3,3,1,1,2,1,1,1,1,2,5,1,2,1,1,2,2,1,1,2,1,1,2,3,3,1,3,3,1,4,4,2
STUDENT52,2,1,3,3,1,1,2,1,1,1,1,2,5,1,2,1,1,2,2,1,1,2,1,1,2,3,3,1,3,3,1,4,4,3
STUDENT52,2,1,3,3,1,1,2,1,1,1,1,2,5,1,2,1,1,2,2,1,1,2,1,1,2,3,3,1,3,3,1,4,4,-1
STUDENT53,2,1,2,3,1,2,2,2,1,1,1,3,4,1,2,1,3,1,1,1,1,1,1,2,2,2,2,1,4,2,1,1,2,0
STUDENT53,2,1,2,3,1,2,2,2,1,1,1,3,4,1,2,1,3,1,1,1,1,1,1,2,2,2,2,1,4,2,1,1,3,1
STUDENT53,2,1,2,3,1,2,2,2,1,1,1,3,4,1,2,1,3,1,1,1,1,1,1,2,2,2,2,1,4,2,1,1,5,2
STUDENT53,2,1,2,3,1,2,2,2,1,1,1,3,4,1,2,1,3,1,1,1,1,1,1,2,2,2,2,1,4,2,1,1,3,3
STUDENT53,2,1,2,3,1,2,2,2,1,1,1,3,4,1,2,1,3,1,1,1,1,1,1,2,2,2,2,1,4,2,1,1,1,-1
STUDENT54,2,1,2,3,2,1,2,2,1,1,1,1,5,1,2,1,1,2,2,1,1,2,1,1,2,2,2,2,3,2,1,5,4,0
STUDENT54,2,1,2,3,2,1,2,2,1,1,1,1,5,1,2,1,1,2,2,1,1,2,1,1,2,2,2,2,3,2,1,5,4,1
STUDENT54,2,1,2,3,2,1,2,2,1,1,1,1,5,1,2,1,1,2,2,1,1,2,1,1,2,2,2,2,3,2,1,5,5,2
STUDENT54,2,1,2,3,2,1,2,2,1,1,1,1,5,1,2,1,1,2,2,1,1,2,1,1,2,2,2,2,3,2,1,5,5,3
STUDENT54,2,1,2,3,2,1,2,2,1,1,1,1,5,1,2,1,1,2,2,1,1,2,1,1,2,2,2,2,3,2,1,5,5,-1
STUDENT55,2,2,2,3,2,2,2,3,4,2,1,4,2,1,4,2,2,1,1,1,1,1,1,2,3,1,3,1,5,3,1,3,4,0
STUDENT55,2,2,2,3,2,2,2,3,4,2,1,4,2,1,4,2,2,1,1,1,1,1,1,2,3,1,3,1,5,3,1,3,3,1
STUDENT55,2,2,2,3,2,2,2,3,4,2,1,4,2,1,4,2,2,1,1,1,1,1,1,2,3,1,3,1,5,3,1,3,5,2
STUDENT55,2,2,2,3,2,2,2,3,4,2,1,4,2,1,4,2,2,1,1,1,1,1,1,2,3,1,3,1,5,3,1,3,4,3
STUDENT55,2,2,2,3,2,2,2,3,4,2,1,4,2,1,4,2,2,1,1,1,1,1,1,2,3,1,3,1,5,3,1,3,3,-1
STUDENT56,3,2,2,3,1,2,1,4,1,2,1,1,5,3,2,1,1,2,2,1,1,1,3,3,1,3,3,3,5,4,1,3,2,0
STUDENT56,3,2,2,3,1,2,1,4,1,2,1,1,5,3,2,1,1,2,2,1,1,1,3,3,1,3,3,3,5,4,1,3,3,1
STUDENT56,3,2,2,3,1,2,1,4,1,2,1,1,5,3,2,1,1,2,2,1,1,1,3,3,1,3,3,3,5,4,1,3,3,2
STUDENT56,3,2,2,3,1,2,1,4,1,2,1,1,5,3,2,1,1,2,2,1,1,1,3,3,1,3,3,3,5,4,1,3,3,3
STUDENT56,3,2,2,3,1,2,1,4,1,2,1,1,5,3,2,1,1,2,2,1,1,1,3,3,1,3,3,3,5,4,1,3,3,-1
STUDENT57,2,2,2,3,2,1,2,1,1,1,1,3,5,1,2,4,4,2,3,1,1,1,1,2,3,2,3,3,5,4,1,5,4,0
STUDENT57,2,2,2,3,2,1,2,1,1,1,1,3,5,1,2,4,4,2,3,1,1,1,1,2,3,2,3,3,5,4,1,5,6,1
STUDENT57,2,2,2,3,2,1,2,1,1,1,1,3,5,1,2,4,4,2,3,1,1,1,1,2,3,2,3,3,5,4,1,5,6,2
STUDENT57,2,2,2,3,2,1,2,1,1,1,1,3,5,1,2,4,4,2,3,1,1,1,1,2,3,2,3,3,5,4,1,5,5,3
STUDENT57,2,2,2,3,2,1,2,1,1,1,1,3,5,1,2,4,4,2,3,1,1,1,1,2,3,2,3,3,5,4,1,5,5,-1
STUDENT58,2,2,2,3,1,1,2,1,1,1,4,2,3,1,3,3,2,3,2,1,1,1,1,1,3,2,3,1,5,4,1,4,3,0
STUDENT58,2,2,2,3,1,1,2,1,1,1,4,2,3,1,3,3,2,3,2,1,1,1,1,1,3,2,3,1,5,4,1,4,4,1
STUDENT58,2,2,2,3,1,1,2,1,1,1,4,2,3,1,3,3,2,3,2,1,1,1,1,1,3,2,3,1,5,4,1,4,4,2
STUDENT58,2,2,2,3,1,1,2,1,1,1,4,2,3,1,3,3,2,3,2,1,1,1,1,1,3,2,3,1,5,4,1,4,4,3
STUDENT58,2,2,2,3,1,1,2,1,1,1,4,2,3,1,3,3,2,3,2,1,1,1,1,1,3,2,3,1,5,4,1,4,4,-1
STUDENT59,3,2,2,3,2,2,1,3,1,1,1,3,5,2,2,1,3,2,2,1,1,1,1,1,3,2,2,2,5,4,1,3,4,0
STUDENT59,3,2,2,3,2,2,1,3,1,1,1,3,5,2,2,1,3,2,2,1,1,1,1,1,3,2,2,2,5,4,1,3,4,1
STUDENT59,3,2,2,3,2,2,1,3,1,1,1,3,5,2,2,1,3,2,2,1,1,1,1,1,3,2,2,2,5,4,1,3,3,2
STUDENT59,3,2,2,3,2,2,1,3,1,1,1,3,5,2,2,1,3,2,2,1,1,1,1,1,3,2,2,2,5,4,1,3,3,3
STUDENT59,3,2,2,3,2,2,1,3,1,1,1,3,5,2,2,1,3,2,2,1,1,1,1,1,3,2,2,2,5,4,1,3,3,-1
STUDENT60,2,2,2,3,2,1,1,1,1,1,4,4,3,1,2,3,3,2,2,1,1,1,1,1,3,3,2,2,4,3,1,5,6,0
STUDENT60,2,2,2,3,2,1,1,1,1,1,4,4,3,1,2,3,3,2,2,1,1,1,1,1,3,3,2,2,4,3,1,5,5,1
STUDENT60,2,2,2,3,2,1,1,1,1,1,4,4,3,1,2,3,3,2,2,1,1,1,1,1,3,3,2,2,4,3,1,5,6,2
STUDENT60,2,2,2,3,2,1,1,1,1,1,4,4,3,1,2,3,3,2,2,1,1,1,1,1,3,3,2,2,4,3,1,5,7,3
STUDENT60,2,2,2,3,2,1,1,1,1,1,4,4,3,1,2,3,3,2,2,1,1,1,1,1,3,3,2,2,4,3,1,5,5,-1
STUDENT61,2,1,2,3,2,2,2,5,2,1,6,1,3,1,2,3,1,2,2,1,1,1,1,1,1,3,3,1,2,1,1,2,5,0
STUDENT61,2,1,2,3,2,2,2,5,2,1,6,1,3,1,2,3,1,2,2,1,1,1,1,1,1,3,3,1,2,1,1,2,4,1
STUDENT61,2,1,2,3,2,2,2,5,2,1,6,1,3,1,2,3,1,2,2,1,1,1,1,1,1,3,3,1,2,1,1,2,5,2
STUDENT61,2,1,2,3,2,2,2,5,2,1,6,1,3,1,2,3,1,2,2,1,1,1,1,1,1,3,3,1,2,1,1,2,5,3
STUDENT61,2,1,2,3,2,2,2,5,2,1,6,1,3,1,2,3,1,2,2,1,1,1,1,1,1,3,3,1,2,1,1,2,2,-1
STUDENT62,1,2,3,3,2,1,2,2,1,2,1,3,4,1,2,3,3,1,2,1,3,2,1,1,3,2,2,2,4,4,1,5,4,0
STUDENT62,1,2,3,3,2,1,2,2,1,2,1,3,4,1,2,3,3,1,2,1,3,2,1,1,3,2,2,2,4,4,1,5,5,1
STUDENT62,1,2,3,3,2,1,2,2,1,2,1,3,4,1,2,3,3,1,2,1,3,2,1,1,3,2,2,2,4,4,1,5,4,2
STUDENT62,1,2,3,3,2,1,2,2,1,2,1,3,4,1,2,3,3,1,2,1,3,2,1,1,3,2,2,2,4,4,1,5,3,3
STUDENT62,1,2,3,3,2,1,2,2,1,2,1,3,4,1,2,3,3,1,2,1,3,2,1,1,3,2,2,2,4,4,1,5,5,-1
STUDENT63,2,2,2,3,2,2,2,1,4,2,2,3,2,1,2,4,3,2,2,1,1,1,1,1,2,3,3,2,5,4,1,3,3,0
STUDENT63,2,2,2,3,2,2,2,1,4,2,2,3,2,1,2,4,3,2,2,1,1,1,1,1,2,3,3,2,5,4,1,3,4,1
STUDENT63,2,2,2,3,2,2,2,1,4,2,2,3,2,1,2,4,3,2,2,1,1,1,1,1,2,3,3,2,5,4,1,3,5,2
STUDENT63,2,2,2,3,2,2,2,1,4,2,2,3,2,1,2,4,3,2,2,1,1,1,1,1,2,3,3,2,5,4,1,3,5,3
STUDENT63,2,2,2,3,2,2,2,1,4,2,2,3,2,1,2,4,3,2,2,1,1,1,1,1,2,3,3,2,5,4,1,3,3,-1
STUDENT64,2,2,2,4,2,2,1,2,1,1,1,3,3,1,2,1,1,1,2,1,1,1,3,1,2,2,2,1,3,3,1,5,1,0
STUDENT64,2,2,2,4,2,2,1,2,1,1,1,3,3,1,2,1,1,1,2,1,1,1,3,1,2,2,2,1,3,3,1,5,2,1
STUDENT64,2,2,2,4,2,2,1,2,1,1,1,3,3,1,2,1,1,1,2,1,1,1,3,1,2,2,2,1,3,3,1,5,4,2
STUDENT64,2,2,2,4,2,2,1,2,1,1,1,3,3,1,2,1,1,1,2,1,1,1,3,1,2,2,2,1,3,3,1,5,4,3
STUDENT64,2,2,2,4,2,2,1,2,1,1,1,3,3,1,2,1,1,1,2,1,1,1,3,1,2,2,2,1,3,3,1,5,5,-1
STUDENT65,2,2,3,5,2,2,2,1,1,1,2,2,2,1,2,1,1,2,2,1,3,1,2,1,3,2,3,1,4,3,1,3,5,0
STUDENT65,2,2,3,5,2,2,2,1,1,1,2,2,2,1,2,1,1,2,2,1,3,1,2,1,3,2,3,1,4,3,1,3,3,1
STUDENT65,2,2,3,5,2,2,2,1,1,1,2,2,2,1,2,1,1,2,2,1,3,1,2,1,3,2,3,1,4,3,1,3,4,2
STUDENT65,2,2,3,5,2,2,2,1,1,1,2,2,2,1,2,1,1,2,2,1,3,1,2,1,3,2,3,1,4,3,1,3,4,3
STUDENT65,2,2,3,5,2,2,2,1,1,1,2,2,2,1,2,1,1,2,2,1,3,1,2,1,3,2,3,1,4,3,1,3,3,-1
STUDENT66,1,2,2,3,2,2,1,3,1,1,2,4,3,1,2,4,1,1,2,1,3,2,2,1,2,1,2,1,2,2,1,2,3,0
STUDENT66,1,2,2,3,2,2,1,3,1,1,2,4,3,1,2,4,1,1,2,1,3,2,2,1,2,1,2,1,2,2,1,2,3,1
STUDENT66,1,2,2,3,2,2,1,3,1,1,2,4,3,1,2,4,1,1,2,1,3,2,2,1,2,1,2,1,2,2,1,2,4,2
STUDENT66,1,2,2,3,2,2,1,3,1,1,2,4,3,1,2,4,1,1,2,1,3,2,2,1,2,1,2,1,2,2,1,2,2,3
STUDENT66,1,2,2,3,2,2,1,3,1,1,2,4,3,1,2,4,1,1,2,1,3,2,2,1,2,1,2,1,2,2,1,2,2,-1
STUDENT67,2,2,2,3,2,2,1,1,1,1,3,2,5,1,2,5,2,2,2,1,1,1,1,1,3,2,2,3,5,4,2,5,3,0
STUDENT67,2,2,2,3,2,2,1,1,1,1,3,2,5,1,2,5,2,2,2,1,1,1,1,1,3,2,2,3,5,4,2,5,5,1
STUDENT67,2,2,2,3,2,2,1,1,1,1,3,2,5,1,2,5,2,2,2,1,1,1,1,1,3,2,2,3,5,4,2,5,2,2
STUDENT67,2,2,2,3,2,2,1,1,1,1,3,2,5,1,2,5,2,2,2,1,1,1,1,1,3,2,2,3,5,4,2,5,4,3
STUDENT67,2,2,2,3,2,2,1,1,1,1,3,2,5,1,2,5,2,2,2,1,1,1,1,1,3,2,2,3,5,4,2,5,5,-1
STUDENT68,2,2,3,3,1,1,2,3,1,2,3,4,4,2,2,2,2,2,2,1,1,2,1,1,2,2,1,2,2,3,2,1,3,0
STUDENT68,2,2,3,3,1,1,2,3,1,2,3,4,4,2,2,2,2,2,2,1,1,2,1,1,2,2,1,2,2,3,2,1,4,1
STUDENT68,2,2,3,3,1,1,2,3,1,2,3,4,4,2,2,2,2,2,2,1,1,2,1,1,2,2,1,2,2,3,2,1,3,2
STUDENT68,2,2,3,3,1,1,2,3,1,2,3,4,4,2,2,2,2,2,2,1,1,2,1,1,2,2,1,2,2,3,2,1,3,3
STUDENT68,2,2,3,3,1,1,2,3,1,2,3,4,4,2,2,2,2,2,2,1,1,2,1,1,2,2,1,2,2,3,2,1,1,-1
STUDENT69,2,1,2,4,1,2,2,1,1,1,2,3,5,3,2,5,1,2,2,1,1,2,1,1,2,2,3,2,4,3,3,5,4,0
STUDENT69,2,1,2,4,1,2,2,1,1,1,2,3,5,3,2,5,1,2,2,1,1,2,1,1,2,2,3,2,4,3,3,5,4,1
STUDENT69,2,1,2,4,1,2,2,1,1,1,2,3,5,3,2,5,1,2,2,1,1,2,1,1,2,2,3,2,4,3,3,5,6,2
STUDENT69,2,1,2,4,1,2,2,1,1,1,2,3,5,3,2,5,1,2,2,1,1,2,1,1,2,2,3,2,4,3,3,5,4,3
STUDENT69,2,1,2,4,1,2,2,1,1,1,2,3,5,3,2,5,1,2,2,1,1,2,1,1,2,2,3,2,4,3,3,5,5,-1
STUDENT70,2,1,2,4,2,2,1,1,1,1,2,2,2,1,2,3,1,1,2,1,1,1,2,1,3,2,3,1,3,2,3,5,5,0
STUDENT70,2,1,2,4,2,2,1,1,1,1,2,2,2,1,2,3,1,1,2,1,1,1,2,1,3,2,3,1,3,2,3,5,3,1
STUDENT70,2,1,2,4,2,2,1,1,1,1,2,2,2,1,2,3,1,1,2,1,1,1,2,1,3,2,3,1,3,2,3,5,3,2
STUDENT70,2,1,2,4,2,2,1,1,1,1,2,2,2,1,2,3,1,1,2,1,1,1,2,1,3,2,3,1,3,2,3,5,5,3
STUDENT70,2,1,2,4,2,2,1,1,1,1,2,2,2,1,2,3,1,1,2,1,1,1,2,1,3,2,3,1,3,2,3,5,5,-1
STUDENT71,1,2,2,4,2,1,1,1,1,1,4,3,1,2,4,2,2,2,2,1,1,1,1,1,2,2,3,1,5,4,3,7,4,0
STUDENT71,1,2,2,4,2,1,1,1,1,1,4,3,1,2,4,2,2,2,2,1,1,1,1,1,2,2,3,1,5,4,3,7,5,1
STUDENT71,1,2,2,4,2,1,1,1,1,1,4,3,1,2,4,2,2,2,2,1,1,1,1,1,2,2,3,1,5,4,3,7,3,2
STUDENT71,1,2,2,4,2,1,1,1,1,1,4,3,1,2,4,2,2,2,2,1,1,1,1,1,2,2,3,1,5,4,3,7,4,3
STUDENT71,1,2,2,4,2,1,1,1,1,1,4,3,1,2,4,2,2,2,2,1,1,1,1,1,2,2,3,1,5,4,3,7,7,-1
STUDENT72,1,1,3,4,2,2,2,1,1,3,1,3,5,1,2,4,2,2,1,1,1,1,1,1,2,3,3,3,2,2,3,6,6,0
STUDENT72,1,1,3,4,2,2,2,1,1,3,1,3,5,1,2,4,2,2,1,1,1,1,1,1,2,3,3,3,2,2,3,6,3,1
STUDENT72,1,1,3,4,2,2,2,1,1,3,1,3,5,1,2,4,2,2,1,1,1,1,1,1,2,3,3,3,2,2,3,6,3,2
STUDENT72,1,1,3,4,2,2,2,1,1,3,1,3,5,1,2,4,2,2,1,1,1,1,1,1,2,3,3,3,2,2,3,6,3,3
STUDENT72,1,1,3,4,2,2,2,1,1,3,1,3,5,1,2,4,2,2,1,1,1,1,1,1,2,3,3,3,2,2,3,6,6,-1
STUDENT73,1,2,2,3,2,1,1,1,1,2,1,1,2,1,2,3,2,3,3,1,1,1,1,1,2,2,3,2,3,3,3,6,4,0
STUDENT73,1,2,2,3,2,1,1,1,1,2,1,1,2,1,2,3,2,3,3,1,1,1,1,1,2,2,3,2,3,3,3,6,4,1
STUDENT73,1,2,2,3,2,1,1,1,1,2,1,1,2,1,2,3,2,3,3,1,1,1,1,1,2,2,3,2,3,3,3,6,4,2
STUDENT73,1,2,2,3,2,1,1,1,1,2,1,1,2,1,2,3,2,3,3,1,1,1,1,1,2,2,3,2,3,3,3,6,5,3
STUDENT73,1,2,2,3,2,1,1,1,1,2,1,1,2,1,2,3,2,3,3,1,1,1,1,1,2,2,3,2,3,3,3,6,6,-1
STUDENT74,2,2,2,4,2,2,2,1,1,2,1,3,4,1,2,4,3,1,1,2,1,1,1,2,3,2,3,1,5,3,3,6,3,0
STUDENT74,2,2,2,4,2,2,2,1,1,2,1,3,4,1,2,4,3,1,1,2,1,1,1,2,3,2,3,1,5,3,3,6,4,1
STUDENT74,2,2,2,4,2,2,2,1,1,2,1,3,4,1,2,4,3,1,1,2,1,1,1,2,3,2,3,1,5,3,3,6,3,2
STUDENT74,2,2,2,4,2,2,2,1,1,2,1,3,4,1,2,4,3,1,1,2,1,1,1,2,3,2,3,1,5,3,3,6,4,3
STUDENT74,2,2,2,4,2,2,2,1,1,2,1,3,4,1,2,4,3,1,1,2,1,1,1,2,3,2,3,1,5,3,3,6,6,-1
STUDENT75,1,2,2,4,2,2,2,1,1,1,2,2,3,1,2,1,2,2,2,2,1,1,2,1,3,2,3,2,3,3,3,7,2,0
STUDENT75,1,2,2,4,2,2,2,1,1,1,2,2,3,1,2,1,2,2,2,2,1,1,2,1,3,2,3,2,3,3,3,7,4,1
STUDENT75,1,2,2,4,2,2,2,1,1,1,2,2,3,1,2,1,2,2,2,2,1,1,2,1,3,2,3,2,3,3,3,7,2,2
STUDENT75,1,2,2,4,2,2,2,1,1,1,2,2,3,1,2,1,2,2,2,2,1,1,2,1,3,2,3,2,3,3,3,7,4,3
STUDENT75,1,2,2,4,2,2,2,1,1,1,2,2,3,1,2,1,2,2,2,2,1,1,2,1,3,2,3,2,3,3,3,7,7,-1
STUDENT76,1,2,2,4,2,1,2,1,1,3,1,5,4,1,2,2,3,3,1,1,1,1,1,1,2,2,2,2,4,1,3,7,4,0
STUDENT76,1,2,2,4,2,1,2,1,1,3,1,5,4,1,2,2,3,3,1,1,1,1,1,1,2,2,2,2,4,1,3,7,5,1
STUDENT76,1,2,2,4,2,1,2,1,1,3,1,5,4,1,2,2,3,3,1,1,1,1,1,1,2,2,2,2,4,1,3,7,4,2
STUDENT76,1,2,2,4,2,1,2,1,1,3,1,5,4,1,2,2,3,3,1,1,1,1,1,1,2,2,2,2,4,1,3,7,5,3
STUDENT76,1,2,2,4,2,1,2,1,1,3,1,5,4,1,2,2,3,3,1,1,1,1,1,1,2,2,2,2,4,1,3,7,7,-1
STUDENT77,2,2,1,2,2,1,2,2,1,1,5,4,3,1,4,3,2,3,2,1,1,1,3,2,2,1,2,3,2,2,4,4,3,0
STUDENT77,2,2,1,2,2,1,2,2,1,1,5,4,3,1,4,3,2,3,2,1,1,1,3,2,2,1,2,3,2,2,4,4,4,1
STUDENT77,2,2,1,2,2,1,2,2,1,1,5,4,3,1,4,3,2,3,2,1,1,1,3,2,2,1,2,3,2,2,4,4,4,2
STUDENT77,2,2,1,2,2,1,2,2,1,1,5,4,3,1,4,3,2,3,2,1,1,1,3,2,2,1,2,3,2,2,4,4,5,3
STUDENT77,2,2,1,2,2,1,2,2,1,1,5,4,3,1,4,3,2,3,2,1,1,1,3,2,2,1,2,3,2,2,4,4,4,-1
STUDENT78,1,2,1,2,2,2,1,2,2,2,6,5,2,1,4,2,2,2,2,2,1,2,3,1,2,2,2,2,1,1,4,7,3,0
STUDENT78,1,2,1,2,2,2,1,2,2,2,6,5,2,1,4,2,2,2,2,2,1,2,3,1,2,2,2,2,1,1,4,7,3,1
STUDENT78,1,2,1,2,2,2,1,2,2,2,6,5,2,1,4,2,2,2,2,2,1,2,3,1,2,2,2,2,1,1,4,7,4,2
STUDENT78,1,2,1,2,2,2,1,2,2,2,6,5,2,1,4,2,2,2,2,2,1,2,3,1,2,2,2,2,1,1,4,7,4,3
STUDENT78,1,2,1,2,2,2,1,2,2,2,6,5,2,1,4,2,2,2,2,2,1,2,3,1,2,2,2,2,1,1,4,7,7,-1
STUDENT79,2,1,2,4,1,1,2,1,1,1,1,3,4,1,2,4,2,3,3,1,1,2,1,1,3,3,2,2,2,2,4,4,4,0
STUDENT79,2,1,2,4,1,1,2,1,1,1,1,3,4,1,2,4,2,3,3,1,1,2,1,1,3,3,2,2,2,2,4,4,4,1
STUDENT79,2,1,2,4,1,1,2,1,1,1,1,3,4,1,2,4,2,3,3,1,1,2,1,1,3,3,2,2,2,2,4,4,6,2
STUDENT79,2,1,2,4,1,1,2,1,1,1,1,3,4,1,2,4,2,3,3,1,1,2,1,1,3,3,2,2,2,2,4,4,4,3
STUDENT79,2,1,2,4,1,1,2,1,1,1,1,3,4,1,2,4,2,3,3,1,1,2,1,1,3,3,2,2,2,2,4,4,4,-1
STUDENT80,2,2,2,4,2,2,2,1,1,1,1,3,4,1,2,4,1,2,2,1,3,1,1,1,3,3,3,2,4,4,4,3,6,0
STUDENT80,2,2,2,4,2,2,2,1,1,1,1,3,4,1,2,4,1,2,2,1,3,1,1,1,3,3,3,2,4,4,4,3,5,1
STUDENT80,2,2,2,4,2,2,2,1,1,1,1,3,4,1,2,4,1,2,2,1,3,1,1,1,3,3,3,2,4,4,4,3,3,2
STUDENT80,2,2,2,4,2,2,2,1,1,1,1,3,4,1,2,4,1,2,2,1,3,1,1,1,3,3,3,2,4,4,4,3,3,3
STUDENT80,2,2,2,4,2,2,2,1,1,1,1,3,4,1,2,4,1,2,2,1,3,1,1,1,3,3,3,2,4,4,4,3,3,-1
STUDENT81,2,1,2,3,1,2,1,1,2,1,1,1,2,1,2,3,1,1,1,1,3,1,1,1,2,3,1,2,4,2,5,4,3,0
STUDENT81,2,1,2,3,1,2,1,1,2,1,1,1,2,1,2,3,1,1,1,1,3,1,1,1,2,3,1,2,4,2,5,4,2,1
STUDENT81,2,1,2,3,1,2,1,1,2,1,1,1,2,1,2,3,1,1,1,1,3,1,1,1,2,3,1,2,4,2,5,4,3,2
STUDENT81,2,1,2,3,1,2,1,1,2,1,1,1,2,1,2,3,1,1,1,1,3,1,1,1,2,3,1,2,4,2,5,4,3,3
STUDENT81,2,1,2,3,1,2,1,1,2,1,1,1,2,1,2,3,1,1,1,1,3,1,1,1,2,3,1,2,4,2,5,4,4,-1
STUDENT82,3,2,2,3,1,2,2,1,1,2,1,2,4,1,2,3,2,2,2,1,1,1,1,1,3,3,2,3,5,4,5,3,4,0
STUDENT82,3,2,2,3,1,2,2,1,1,2,1,2,4,1,2,3,2,2,2,1,1,1,1,1,3,3,2,3,5,4,5,3,4,1
STUDENT82,3,2,2,3,1,2,2,1,1,2,1,2,4,1,2,3,2,2,2,1,1,1,1,1,3,3,2,3,5,4,5,3,3,2
STUDENT82,3,2,2,3,1,2,2,1,1,2,1,2,4,1,2,3,2,2,2,1,1,1,1,1,3,3,2,3,5,4,5,3,3,3
STUDENT82,3,2,2,3,1,2,2,1,1,2,1,2,4,1,2,3,2,2,2,1,1,1,1,1,3,3,2,3,5,4,5,3,3,-1
STUDENT83,2,2,2,4,1,2,1,2,1,1,3,1,3,1,2,3,2,2,3,1,1,1,1,1,3,3,2,3,4,3,5,7,4,0
STUDENT83,2,2,2,4,1,2,1,2,1,1,3,1,3,1,2,3,2,2,3,1,1,1,1,1,3,3,2,3,4,3,5,7,3,1
STUDENT83,2,2,2,4,1,2,1,2,1,1,3,1,3,1,2,3,2,2,3,1,1,1,1,1,3,3,2,3,4,3,5,7,5,2
STUDENT83,2,2,2,4,1,2,1,2,1,1,3,1,3,1,2,3,2,2,3,1,1,1,1,1,3,3,2,3,4,3,5,7,3,3
STUDENT83,2,2,2,4,1,2,1,2,1,1,3,1,3,1,2,3,2,2,3,1,1,1,1,1,3,3,2,3,4,3,5,7,7,-1
STUDENT84,2,2,3,3,2,2,2,3,1,1,4,4,2,1,1,2,1,2,2,1,1,1,3,1,3,2,3,3,1,2,5,7,4,0
STUDENT84,2,2,3,3,2,2,2,3,1,1,4,4,2,1,1,2,1,2,2,1,1,1,3,1,3,2,3,3,1,2,5,7,4,1
STUDENT84,2,2,3,3,2,2,2,3,1,1,4,4,2,1,1,2,1,2,2,1,1,1,3,1,3,2,3,3,1,2,5,7,6,2
STUDENT84,2,2,3,3,2,2,2,3,1,1,4,4,2,1,1,2,1,2,2,1,1,1,3,1,3,2,3,3,1,2,5,7,3,3
STUDENT84,2,2,3,3,2,2,2,3,1,1,4,4,2,1,1,2,1,2,2,1,1,1,3,1,3,2,3,3,1,2,5,7,7,-1
STUDENT85,3,2,3,3,1,2,1,3,1,2,4,2,5,3,2,1,1,2,2,1,1,1,3,3,3,3,3,3,5,4,5,7,2,0
STUDENT85,3,2,3,3,1,2,1,3,1,2,4,2,5,3,2,1,1,2,2,1,1,1,3,3,3,3,3,3,5,4,5,7,3,1
STUDENT85,3,2,3,3,1,2,1,3,1,2,4,2,5,3,2,1,1,2,2,1,1,1,3,3,3,3,3,3,5,4,5,7,3,2
STUDENT85,3,2,3,3,1,2,1,3,1,2,4,2,5,3,2,1,1,2,2,1,1,1,3,3,3,3,3,3,5,4,5,7,4,3
STUDENT85,3,2,3,3,1,2,1,3,1,2,4,2,5,3,2,1,1,2,2,1,1,1,3,3,3,3,3,3,5,4,5,7,7,-1
STUDENT86,1,2,2,5,2,2,2,2,1,1,1,1,5,1,2,1,1,1,1,1,1,1,1,1,3,2,3,3,4,3,5,4,4,0
STUDENT86,1,2,2,5,2,2,2,2,1,1,1,1,5,1,2,1,1,1,1,1,1,1,1,1,3,2,3,3,4,3,5,4,3,1
STUDENT86,1,2,2,5,2,2,2,2,1,1,1,1,5,1,2,1,1,1,1,1,1,1,1,1,3,2,3,3,4,3,5,4,3,2
STUDENT86,1,2,2,5,2,2,2,2,1,1,1,1,5,1,2,1,1,1,1,1,1,1,1,1,3,2,3,3,4,3,5,4,3,3
STUDENT86,1,2,2,5,2,2,2,2,1,1,1,1,5,1,2,1,1,1,1,1,1,1,1,1,3,2,3,3,4,3,5,4,4,-1
STUDENT87,2,2,2,4,2,2,2,1,4,2,3,3,2,1,4,1,2,2,2,1,1,1,1,1,3,2,3,2,5,4,5,5,3,0
STUDENT87,2,2,2,4,2,2,2,1,4,2,3,3,2,1,4,1,2,2,2,1,1,1,1,1,3,2,3,2,5,4,5,5,4,1
STUDENT87,2,2,2,4,2,2,2,1,4,2,3,3,2,1,4,1,2,2,2,1,1,1,1,1,3,2,3,2,5,4,5,5,4,2
STUDENT87,2,2,2,4,2,2,2,1,4,2,3,3,2,1,4,1,2,2,2,1,1,1,1,1,3,2,3,2,5,4,5,5,5,3
STUDENT87,2,2,2,4,2,2,2,1,4,2,3,3,2,1,4,1,2,2,2,1,1,1,1,1,3,2,3,2,5,4,5,5,5,-1
STUDENT88,2,2,2,3,2,1,2,2,1,1,3,4,2,1,1,1,2,2,2,1,1,1,2,1,2,2,2,2,1,1,6,6,4,0
STUDENT88,2,2,2,3,2,1,2,2,1,1,3,4,2,1,1,1,2,2,2,1,1,1,2,1,2,2,2,2,1,1,6,6,5,1
STUDENT88,2,2,2,3,2,1,2,2,1,1,3,4,2,1,1,1,2,2,2,1,1,1,2,1,2,2,2,2,1,1,6,6,6,2
STUDENT88,2,2,2,3,2,1,2,2,1,1,3,4,2,1,1,1,2,2,2,1,1,1,2,1,2,2,2,2,1,1,6,6,5,3
STUDENT88,2,2,2,3,2,1,2,2,1,1,3,4,2,1,1,1,2,2,2,1,1,1,2,1,2,2,2,2,1,1,6,6,6,-1
STUDENT89,1,2,2,4,2,1,1,1,1,1,4,4,1,1,3,2,2,2,2,1,1,1,1,2,3,1,2,3,5,3,6,6,4,0
STUDENT89,1,2,2,4,2,1,1,1,1,1,4,4,1,1,3,2,2,2,2,1,1,1,1,2,3,1,2,3,5,3,6,6,5,1
STUDENT89,1,2,2,4,2,1,1,1,1,1,4,4,1,1,3,2,2,2,2,1,1,1,1,2,3,1,2,3,5,3,6,6,6,2
STUDENT89,1,2,2,4,2,1,1,1,1,1,4,4,1,1,3,2,2,2,2,1,1,1,1,2,3,1,2,3,5,3,6,6,4,3
STUDENT89,1,2,2,4,2,1,1,1,1,1,4,4,1,1,3,2,2,2,2,1,1,1,1,2,3,1,2,3,5,3,6,6,6,-1
STUDENT90,2,2,2,3,2,2,2,1,1,1,3,5,3,1,2,2,2,2,2,1,1,2,1,1,3,1,3,3,3,2,6,6,3,0
STUDENT90,2,2,2,3,2,2,2,1,1,1,3,5,3,1,2,2,2,2,2,1,1,2,1,1,3,1,3,3,3,2,6,6,4,1
STUDENT90,2,2,2,3,2,2,2,1,1,1,3,5,3,1,2,2,2,2,2,1,1,2,1,1,3,1,3,3,3,2,6,6,3,2
STUDENT90,2,2,2,3,2,2,2,1,1,1,3,5,3,1,2,2,2,2,2,1,1,2,1,1,3,1,3,3,3,2,6,6,2,3
STUDENT90,2,2,2,3,2,2,2,1,1,1,3,5,3,1,2,2,2,2,2,1,1,2,1,1,3,1,3,3,3,2,6,6,6,-1
STUDENT91,2,1,2,3,2,1,1,1,2,3,3,3,1,1,4,2,2,2,2,1,1,1,1,1,2,3,2,3,4,2,6,6,5,0
STUDENT91,2,1,2,3,2,1,1,1,2,3,3,3,1,1,4,2,2,2,2,1,1,1,1,1,2,3,2,3,4,2,6,6,5,1
STUDENT91,2,1,2,3,2,1,1,1,2,3,3,3,1,1,4,2,2,2,2,1,1,1,1,1,2,3,2,3,4,2,6,6,5,2
STUDENT91,2,1,2,3,2,1,1,1,2,3,3,3,1,1,4,2,2,2,2,1,1,1,1,1,2,3,2,3,4,2,6,6,4,3
STUDENT91,2,1,2,3,2,1,1,1,2,3,3,3,1,1,4,2,2,2,2,1,1,1,1,1,2,3,2,3,4,2,6,6,6,-1
STUDENT92,2,2,2,5,1,1,1,1,1,2,4,1,5,1,2,3,2,2,2,1,1,1,1,1,2,3,3,2,5,4,6,6,4,0
STUDENT92,2,2,2,5,1,1,1,1,1,2,4,1,5,1,2,3,2,2,2,1,1,1,1,1,2,3,3,2,5,4,6,6,4,1
STUDENT92,2,2,2,5,1,1,1,1,1,2,4,1,5,1,2,3,2,2,2,1,1,1,1,1,2,3,3,2,5,4,6,6,5,2
STUDENT92,2,2,2,5,1,1,1,1,1,2,4,1,5,1,2,3,2,2,2,1,1,1,1,1,2,3,3,2,5,4,6,6,4,3
STUDENT92,2,2,2,5,1,1,1,1,1,2,4,1,5,1,2,3,2,2,2,1,1,1,1,1,2,3,3,2,5,4,6,6,6,-1
STUDENT93,1,2,2,3,2,2,2,1,1,1,3,4,4,1,3,2,3,2,2,1,1,1,1,1,3,2,3,3,2,2,6,7,4,0
STUDENT93,1,2,2,3,2,2,2,1,1,1,3,4,4,1,3,2,3,2,2,1,1,1,1,1,3,2,3,3,2,2,6,7,5,1
STUDENT93,1,2,2,3,2,2,2,1,1,1,3,4,4,1,3,2,3,2,2,1,1,1,1,1,3,2,3,3,2,2,6,7,4,2
STUDENT93,1,2,2,3,2,2,2,1,1,1,3,4,4,1,3,2,3,2,2,1,1,1,1,1,3,2,3,3,2,2,6,7,7,-1
STUDENT93,1,2,2,3,2,2,2,1,1,1,3,4,4,1,3,2,3,2,2,1,1,1,1,1,3,2,3,3,2,2,6,7,5,3
STUDENT94,1,2,2,1,1,2,1,1,1,2,1,2,4,1,2,3,5,2,1,1,1,1,1,1,3,3,3,2,2,2,6,4,5,0
STUDENT94,1,2,2,1,1,2,1,1,1,2,1,2,4,1,2,3,5,2,1,1,1,1,1,1,3,3,3,2,2,2,6,4,4,1
STUDENT94,1,2,2,1,1,2,1,1,1,2,1,2,4,1,2,3,5,2,1,1,1,1,1,1,3,3,3,2,2,2,6,4,4,2
STUDENT94,1,2,2,1,1,2,1,1,1,2,1,2,4,1,2,3,5,2,1,1,1,1,1,1,3,3,3,2,2,2,6,4,4,-1
STUDENT94,1,2,2,1,1,2,1,1,1,2,1,2,4,1,2,3,5,2,1,1,1,1,1,1,3,3,3,2,2,2,6,4,5,3
STUDENT95,2,2,2,3,2,2,1,1,1,1,3,2,5,1,2,5,2,2,3,1,1,1,1,1,3,2,2,3,5,4,6,6,4,0
STUDENT95,2,2,2,3,2,2,1,1,1,1,3,2,5,1,2,5,2,2,3,1,1,1,1,1,3,2,2,3,5,4,6,6,4,1
STUDENT95,2,2,2,3,2,2,1,1,1,1,3,2,5,1,2,5,2,2,3,1,1,1,1,1,3,2,2,3,5,4,6,6,5,2
STUDENT95,2,2,2,3,2,2,1,1,1,1,3,2,5,1,2,5,2,2,3,1,1,1,1,1,3,2,2,3,5,4,6,6,6,-1
STUDENT95,2,2,2,3,2,2,1,1,1,1,3,2,5,1,2,5,2,2,3,1,1,1,1,1,3,2,2,3,5,4,6,6,4,3
STUDENT96,1,2,3,5,1,1,1,1,2,3,3,4,1,1,2,1,2,2,3,1,1,1,1,1,3,2,2,1,4,3,7,5,5,0
STUDENT96,1,2,3,5,1,1,1,1,2,3,3,4,1,1,2,1,2,2,3,1,1,1,1,1,3,2,2,1,4,3,7,5,3,1
STUDENT96,1,2,3,5,1,1,1,1,2,3,3,4,1,1,2,1,2,2,3,1,1,1,1,1,3,2,2,1,4,3,7,5,4,2
STUDENT96,1,2,3,5,1,1,1,1,2,3,3,4,1,1,2,1,2,2,3,1,1,1,1,1,3,2,2,1,4,3,7,5,5,-1
STUDENT96,1,2,3,5,1,1,1,1,2,3,3,4,1,1,2,1,2,2,3,1,1,1,1,1,3,2,2,1,4,3,7,5,5,3
STUDENT97,1,2,2,4,2,1,1,1,2,3,2,2,3,1,4,2,2,3,2,1,1,1,1,1,3,2,3,2,2,3,7,7,4,0
STUDENT97,1,2,2,4,2,1,1,1,2,3,2,2,3,1,4,2,2,3,2,1,1,1,1,1,3,2,3,2,2,3,7,7,6,1
STUDENT97,1,2,2,4,2,1,1,1,2,3,2,2,3,1,4,2,2,3,2,1,1,1,1,1,3,2,3,2,2,3,7,7,4,2
STUDENT97,1,2,2,4,2,1,1,1,2,3,2,2,3,1,4,2,2,3,2,1,1,1,1,1,3,2,3,2,2,3,7,7,7,-1
STUDENT97,1,2,2,4,2,1,1,1,2,3,2,2,3,1,4,2,2,3,2,1,1,1,1,1,3,2,3,2,2,3,7,7,5,3
STUDENT98,1,2,2,4,1,2,2,1,1,3,3,3,4,1,2,3,2,2,2,1,1,1,1,1,3,2,2,1,3,3,7,6,3,0
STUDENT98,1,2,2,4,1,2,2,1,1,3,3,3,4,1,2,3,2,2,2,1,1,1,1,1,3,2,2,1,3,3,7,6,4,1
STUDENT98,1,2,2,4,1,2,2,1,1,3,3,3,4,1,2,3,2,2,2,1,1,1,1,1,3,2,2,1,3,3,7,6,5,2
STUDENT98,1,2,2,4,1,2,2,1,1,3,3,3,4,1,2,3,2,2,2,1,1,1,1,1,3,2,2,1,3,3,7,6,6,-1
STUDENT98,1,2,2,4,1,2,2,1,1,3,3,3,4,1,2,3,2,2,2,1,1,1,1,1,3,2,2,1,3,3,7,6,4,3
STUDENT99,1,2,2,4,2,1,2,1,4,2,2,4,2,1,2,5,2,3,2,1,1,1,1,1,3,1,2,1,4,4,7,7,4,0
STUDENT99,1,2,2,4,2,1,2,1,4,2,2,4,2,1,2,5,2,3,2,1,1,1,1,1,3,1,2,1,4,4,7,7,5,1
STUDENT99,1,2,2,4,2,1,2,1,4,2,2,4,2,1,2,5,2,3,2,1,1,1,1,1,3,1,2,1,4,4,7,7,4,2
STUDENT99,1,2,2,4,2,1,2,1,4,2,2,4,2,1,2,5,2,3,2,1,1,1,1,1,3,1,2,1,4,4,7,7,7,-1
STUDENT99,1,2,2,4,2,1,2,1,4,2,2,4,2,1,2,5,2,3,2,1,1,1,1,1,3,1,2,1,4,4,7,7,3,3
STUDENT100,2,2,2,3,2,2,2,1,4,2,3,4,2,1,2,1,3,2,2,1,1,1,1,1,3,2,3,2,2,2,7,7,4,0
STUDENT100,2,2,2,3,2,2,2,1,4,2,3,4,2,1,2,1,3,2,2,1,1,1,1,1,3,2,3,2,2,2,7,7,5,1
STUDENT100,2,2,2,3,2,2,2,1,4,2,3,4,2,1,2,1,3,2,2,1,1,1,1,1,3,2,3,2,2,2,7,7,3,2
STUDENT100,2,2,2,3,2,2,2,1,4,2,3,4,2,1,2,1,3,2,2,1,1,1,1,1,3,2,3,2,2,2,7,7,4,3
STUDENT100,2,2,2,3,2,2,2,1,4,2,3,4,2,1,2,1,3,2,2,1,1,1,1,1,3,2,3,2,2,2,7,7,7,-1
STUDENT101,1,2,2,4,2,2,2,1,2,3,4,1,2,1,3,3,2,2,2,1,1,1,1,1,2,2,2,1,3,3,7,6,3,0
STUDENT101,1,2,2,4,2,2,2,1,2,3,4,1,2,1,3,3,2,2,2,1,1,1,1,1,2,2,2,1,3,3,7,6,4,1
STUDENT101,1,2,2,4,2,2,2,1,2,3,4,1,2,1,3,3,2,2,2,1,1,1,1,1,2,2,2,1,3,3,7,6,4,2
STUDENT101,1,2,2,4,2,2,2,1,2,3,4,1,2,1,3,3,2,2,2,1,1,1,1,1,2,2,2,1,3,3,7,6,4,3
STUDENT101,1,2,2,4,2,2,2,1,2,3,4,1,2,1,3,3,2,2,2,1,1,1,1,1,2,2,2,1,3,3,7,6,6,-1
STUDENT102,1,2,2,4,2,2,1,2,1,3,2,3,1,1,2,4,2,2,2,1,1,1,1,1,3,3,2,1,2,3,7,7,5,0
STUDENT102,1,2,2,4,2,2,1,2,1,3,2,3,1,1,2,4,2,2,2,1,1,1,1,1,3,3,2,1,2,3,7,7,5,1
STUDENT102,1,2,2,4,2,2,1,2,1,3,2,3,1,1,2,4,2,2,2,1,1,1,1,1,3,3,2,1,2,3,7,7,4,2
STUDENT102,1,2,2,4,2,2,1,2,1,3,2,3,1,1,2,4,2,2,2,1,1,1,1,1,3,3,2,1,2,3,7,7,4,3
STUDENT102,1,2,2,4,2,2,1,2,1,3,2,3,1,1,2,4,2,2,2,1,1,1,1,1,3,3,2,1,2,3,7,7,7,-1
STUDENT103,1,2,2,3,2,2,1,1,1,2,3,1,1,2,4,4,2,2,2,2,1,1,1,1,3,1,2,1,3,4,7,7,3,0
STUDENT103,1,2,2,3,2,2,1,1,1,2,3,1,1,2,4,4,2,2,2,2,1,1,1,1,3,1,2,1,3,4,7,7,3,1
STUDENT103,1,2,2,3,2,2,1,1,1,2,3,1,1,2,4,4,2,2,2,2,1,1,1,1,3,1,2,1,3,4,7,7,2,2
STUDENT103,1,2,2,3,2,2,1,1,1,2,3,1,1,2,4,4,2,2,2,2,1,1,1,1,3,1,2,1,3,4,7,7,3,3
STUDENT103,1,2,2,3,2,2,1,1,1,2,3,1,1,2,4,4,2,2,2,2,1,1,1,1,3,1,2,1,3,4,7,7,7,-1
STUDENT104,1,2,1,4,2,2,1,5,1,2,1,3,4,1,2,1,2,3,2,1,1,1,1,1,2,2,3,2,4,4,7,7,4,0
STUDENT104,1,2,1,4,2,2,1,5,1,2,1,3,4,1,2,1,2,3,2,1,1,1,1,1,2,2,3,2,4,4,7,7,4,1
STUDENT104,1,2,1,4,2,2,1,5,1,2,1,3,4,1,2,1,2,3,2,1,1,1,1,1,2,2,3,2,4,4,7,7,4,2
STUDENT104,1,2,1,4,2,2,1,5,1,2,1,3,4,1,2,1,2,3,2,1,1,1,1,1,2,2,3,2,4,4,7,7,4,3
STUDENT104,1,2,1,4,2,2,1,5,1,2,1,3,4,1,2,1,2,3,2,1,1,1,1,1,2,2,3,2,4,4,7,7,7,-1
STUDENT105,1,1,2,3,2,2,2,1,2,2,4,4,1,1,3,2,2,2,2,1,1,1,1,1,2,3,2,2,1,1,7,3,6,0
STUDENT105,1,1,2,3,2,2,2,1,2,2,4,4,1,1,3,2,2,2,2,1,1,1,1,1,2,3,2,2,1,1,7,3,5,1
STUDENT105,1,1,2,3,2,2,2,1,2,2,4,4,1,1,3,2,2,2,2,1,1,1,1,1,2,3,2,2,1,1,7,3,4,2
STUDENT105,1,1,2,3,2,2,2,1,2,2,4,4,1,1,3,2,2,2,2,1,1,1,1,1,2,3,2,2,1,1,7,3,6,3
STUDENT105,1,1,2,3,2,2,2,1,2,2,4,4,1,1,3,2,2,2,2,1,1,1,1,1,2,3,2,2,1,1,7,3,3,-1
STUDENT106,1,2,2,4,1,1,2,1,1,1,2,2,4,1,2,4,2,3,2,1,1,2,1,2,2,1,3,1,3,3,7,7,5,0
STUDENT106,1,2,2,4,1,1,2,1,1,1,2,2,4,1,2,4,2,3,2,1,1,2,1,2,2,1,3,1,3,3,7,7,5,1
STUDENT106,1,2,2,4,1,1,2,1,1,1,2,2,4,1,2,4,2,3,2,1,1,2,1,2,2,1,3,1,3,3,7,7,4,2
STUDENT106,1,2,2,4,1,1,2,1,1,1,2,2,4,1,2,4,2,3,2,1,1,2,1,2,2,1,3,1,3,3,7,7,3,3
STUDENT106,1,2,2,4,1,1,2,1,1,1,2,2,4,1,2,4,2,3,2,1,1,2,1,2,2,1,3,1,3,3,7,7,7,-1
STUDENT107,1,2,2,4,2,1,2,1,1,2,2,2,1,1,2,1,3,2,2,1,1,1,3,2,2,2,2,1,4,4,7,7,6,0
STUDENT107,1,2,2,4,2,1,2,1,1,2,2,2,1,1,2,1,3,2,2,1,1,1,3,2,2,2,2,1,4,4,7,7,5,1
STUDENT107,1,2,2,4,2,1,2,1,1,2,2,2,1,1,2,1,3,2,2,1,1,1,3,2,2,2,2,1,4,4,7,7,5,2
STUDENT107,1,2,2,4,2,1,2,1,1,2,2,2,1,1,2,1,3,2,2,1,1,1,3,2,2,2,2,1,4,4,7,7,6,3
STUDENT107,1,2,2,4,2,1,2,1,1,2,2,2,1,1,2,1,3,2,2,1,1,1,3,2,2,2,2,1,4,4,7,7,7,-1
STUDENT108,1,1,2,4,1,1,2,1,1,3,1,3,5,1,2,4,2,2,2,1,1,1,2,1,2,3,2,1,4,2,7,6,5,0
STUDENT108,1,1,2,4,1,1,2,1,1,3,1,3,5,1,2,4,2,2,2,1,1,1,2,1,2,3,2,1,4,2,7,6,4,1
STUDENT108,1,1,2,4,1,1,2,1,1,3,1,3,5,1,2,4,2,2,2,1,1,1,2,1,2,3,2,1,4,2,7,6,6,2
STUDENT108,1,1,2,4,1,1,2,1,1,3,1,3,5,1,2,4,2,2,2,1,1,1,2,1,2,3,2,1,4,2,7,6,4,3
STUDENT108,1,1,2,4,1,1,2,1,1,3,1,3,5,1,2,4,2,2,2,1,1,1,2,1,2,3,2,1,4,2,7,6,6,-1
STUDENT109,2,1,1,5,2,1,2,2,2,1,1,2,1,3,1,5,3,3,2,1,1,2,1,1,2,3,1,2,3,3,7,6,6,0
STUDENT109,2,1,1,5,2,1,2,2,2,1,1,2,1,3,1,5,3,3,2,1,1,2,1,1,2,3,1,2,3,3,7,6,6,1
STUDENT109,2,1,1,5,2,1,2,2,2,1,1,2,1,3,1,5,3,3,2,1,1,2,1,1,2,3,1,2,3,3,7,6,7,2
STUDENT109,2,1,1,5,2,1,2,2,2,1,1,2,1,3,1,5,3,3,2,1,1,2,1,1,2,3,1,2,3,3,7,6,6,3
STUDENT109,2,1,1,5,2,1,2,2,2,1,1,2,1,3,1,5,3,3,2,1,1,2,1,1,2,3,1,2,3,3,7,6,6,-1
STUDENT110,1,2,1,3,2,1,1,1,2,2,4,4,2,3,2,5,3,2,2,1,1,1,2,2,3,2,3,1,4,4,7,7,4,0
STUDENT110,1,2,1,3,2,1,1,1,2,2,4,4,2,3,2,5,3,2,2,1,1,1,2,2,3,2,3,1,4,4,7,7,5,1
STUDENT110,1,2,1,3,2,1,1,1,2,2,4,4,2,3,2,5,3,2,2,1,1,1,2,2,3,2,3,1,4,4,7,7,6,2
STUDENT110,1,2,1,3,2,1,1,1,2,2,4,4,2,3,2,5,3,2,2,1,1,1,2,2,3,2,3,1,4,4,7,7,5,3
STUDENT110,1,2,1,3,2,1,1,1,2,2,4,4,2,3,2,5,3,2,2,1,1,1,2,2,3,2,3,1,4,4,7,7,7,-1
STUDENT111,2,2,2,3,2,2,2,2,4,2,4,4,2,2,1,5,2,2,2,1,1,2,1,1,2,2,2,1,2,3,8,2,5,0
STUDENT111,2,2,2,3,2,2,2,2,4,2,4,4,2,2,1,5,2,2,2,1,1,2,1,1,2,2,2,1,2,3,8,2,3,1
STUDENT111,2,2,2,3,2,2,2,2,4,2,4,4,2,2,1,5,2,2,2,1,1,2,1,1,2,2,2,1,2,3,8,2,4,2
STUDENT111,2,2,2,3,2,2,2,2,4,2,4,4,2,2,1,5,2,2,2,1,1,2,1,1,2,2,2,1,2,3,8,2,3,3
STUDENT111,2,2,2,3,2,2,2,2,4,2,4,4,2,2,1,5,2,2,2,1,1,2,1,1,2,2,2,1,2,3,8,2,2,-1
STUDENT112,1,1,1,5,2,1,2,1,1,2,3,3,1,1,3,2,1,2,2,2,2,1,1,1,3,1,3,3,4,3,8,2,5,0
STUDENT112,1,1,1,5,2,1,2,1,1,2,3,3,1,1,3,2,1,2,2,2,2,1,1,1,3,1,3,3,4,3,8,2,5,1
STUDENT112,1,1,1,5,2,1,2,1,1,2,3,3,1,1,3,2,1,2,2,2,2,1,1,1,3,1,3,3,4,3,8,2,4,2
STUDENT112,1,1,1,5,2,1,2,1,1,2,3,3,1,1,3,2,1,2,2,2,2,1,1,1,3,1,3,3,4,3,8,2,3,3
STUDENT112,1,1,1,5,2,1,2,1,1,2,3,3,1,1,3,2,1,2,2,2,2,1,1,1,3,1,3,3,4,3,8,2,2,-1
STUDENT113,2,1,3,3,1,2,2,1,3,3,1,1,2,1,2,1,1,1,1,2,3,1,2,1,3,3,3,1,4,2,8,2,3,0
STUDENT113,2,1,3,3,1,2,2,1,3,3,1,1,2,1,2,1,1,1,1,2,3,1,2,1,3,3,3,1,4,2,8,2,3,1
STUDENT113,2,1,3,3,1,2,2,1,3,3,1,1,2,1,2,1,1,1,1,2,3,1,2,1,3,3,3,1,4,2,8,2,2,2
STUDENT113,2,1,3,3,1,2,2,1,3,3,1,1,2,1,2,1,1,1,1,2,3,1,2,1,3,3,3,1,4,2,8,2,3,3
STUDENT113,2,1,3,3,1,2,2,1,3,3,1,1,2,1,2,1,1,1,1,2,3,1,2,1,3,3,3,1,4,2,8,2,2,-1
STUDENT114,2,1,3,3,2,2,2,1,4,2,4,4,1,1,3,2,2,2,3,2,3,2,2,1,2,2,1,1,1,2,8,1,3,0
STUDENT114,2,1,3,3,2,2,2,1,4,2,4,4,1,1,3,2,2,2,3,2,3,2,2,1,2,2,1,1,1,2,8,1,3,1
STUDENT114,2,1,3,3,2,2,2,1,4,2,4,4,1,1,3,2,2,2,3,2,3,2,2,1,2,2,1,1,1,2,8,1,3,2
STUDENT114,2,1,3,3,2,2,2,1,4,2,4,4,1,1,3,2,2,2,3,2,3,2,2,1,2,2,1,1,1,2,8,1,3,3
STUDENT114,2,1,3,3,2,2,2,1,4,2,4,4,1,1,3,2,2,2,3,2,3,2,2,1,2,2,1,1,1,2,8,1,1,-1
STUDENT115,2,1,2,5,1,1,2,4,1,1,1,1,1,1,2,1,2,2,2,2,2,1,1,1,2,2,1,2,1,1,8,2,3,0
STUDENT115,2,1,2,5,1,1,2,4,1,1,1,1,1,1,2,1,2,2,2,2,2,1,1,1,2,2,1,2,1,1,8,2,3,1
STUDENT115,2,1,2,5,1,1,2,4,1,1,1,1,1,1,2,1,2,2,2,2,2,1,1,1,2,2,1,2,1,1,8,2,3,2
STUDENT115,2,1,2,5,1,1,2,4,1,1,1,1,1,1,2,1,2,2,2,2,2,1,1,1,2,2,1,2,1,1,8,2,2,3
STUDENT115,2,1,2,5,1,1,2,4,1,1,1,1,1,1,2,1,2,2,2,2,2,1,1,1,2,2,1,2,1,1,8,2,2,-1
STUDENT116,2,1,2,5,1,2,1,1,1,1,1,1,2,1,2,2,3,3,2,2,3,1,2,2,3,2,3,2,2,2,8,1,5,0
STUDENT116,2,1,2,5,1,2,1,1,1,1,1,1,2,1,2,2,3,3,2,2,3,1,2,2,3,2,3,2,2,2,8,1,5,1
STUDENT116,2,1,2,5,1,2,1,1,1,1,1,1,2,1,2,2,3,3,2,2,3,1,2,2,3,2,3,2,2,2,8,1,4,2
STUDENT116,2,1,2,5,1,2,1,1,1,1,1,1,2,1,2,2,3,3,2,2,3,1,2,2,3,2,3,2,2,2,8,1,4,3
STUDENT116,2,1,2,5,1,2,1,1,1,1,1,1,2,1,2,2,3,3,2,2,3,1,2,2,3,2,3,2,2,2,8,1,1,-1
STUDENT117,2,1,2,5,2,2,2,1,1,1,1,1,5,1,2,4,3,3,3,2,1,1,1,1,3,3,3,1,2,3,8,1,5,0
STUDENT117,2,1,2,5,2,2,2,1,1,1,1,1,5,1,2,4,3,3,3,2,1,1,1,1,3,3,3,1,2,3,8,1,6,1
STUDENT117,2,1,2,5,2,2,2,1,1,1,1,1,5,1,2,4,3,3,3,2,1,1,1,1,3,3,3,1,2,3,8,1,5,2
STUDENT117,2,1,2,5,2,2,2,1,1,1,1,1,5,1,2,4,3,3,3,2,1,1,1,1,3,3,3,1,2,3,8,1,3,3
STUDENT117,2,1,2,5,2,2,2,1,1,1,1,1,5,1,2,4,3,3,3,2,1,1,1,1,3,3,3,1,2,3,8,1,1,-1
STUDENT118,3,1,1,3,2,1,2,1,1,2,4,4,1,1,1,3,2,2,3,2,1,2,1,1,2,3,2,1,2,3,8,1,3,0
STUDENT118,3,1,1,3,2,1,2,1,1,2,4,4,1,1,1,3,2,2,3,2,1,2,1,1,2,3,2,1,2,3,8,1,5,1
STUDENT118,3,1,1,3,2,1,2,1,1,2,4,4,1,1,1,3,2,2,3,2,1,2,1,1,2,3,2,1,2,3,8,1,4,2
STUDENT118,3,1,1,3,2,1,2,1,1,2,4,4,1,1,1,3,2,2,3,2,1,2,1,1,2,3,2,1,2,3,8,1,3,3
STUDENT118,3,1,1,3,2,1,2,1,1,2,4,4,1,1,1,3,2,2,3,2,1,2,1,1,2,3,2,1,2,3,8,1,1,-1
STUDENT119,1,2,2,5,2,1,1,1,4,2,1,2,3,1,4,4,1,2,2,1,1,1,3,1,3,3,2,2,3,3,8,1,5,0
STUDENT119,1,2,2,5,2,1,1,1,4,2,1,2,3,1,4,4,1,2,2,1,1,1,3,1,3,3,2,2,3,3,8,1,6,1
STUDENT119,1,2,2,5,2,1,1,1,4,2,1,2,3,1,4,4,1,2,2,1,1,1,3,1,3,3,2,2,3,3,8,1,6,2
STUDENT119,1,2,2,5,2,1,1,1,4,2,1,2,3,1,4,4,1,2,2,1,1,1,3,1,3,3,2,2,3,3,8,1,3,3
STUDENT119,1,2,2,5,2,1,1,1,4,2,1,2,3,1,4,4,1,2,2,1,1,1,3,1,3,3,2,2,3,3,8,1,1,-1
STUDENT120,2,1,2,4,2,1,2,1,1,2,3,3,2,3,2,5,5,2,2,1,1,1,1,2,2,2,3,1,3,3,8,2,5,0
STUDENT120,2,1,2,4,2,1,2,1,1,2,3,3,2,3,2,5,5,2,2,1,1,1,1,2,2,2,3,1,3,3,8,2,5,1
STUDENT120,2,1,2,4,2,1,2,1,1,2,3,3,2,3,2,5,5,2,2,1,1,1,1,2,2,2,3,1,3,3,8,2,6,2
STUDENT120,2,1,2,4,2,1,2,1,1,2,3,3,2,3,2,5,5,2,2,1,1,1,1,2,2,2,3,1,3,3,8,2,5,3
STUDENT120,2,1,2,4,2,1,2,1,1,2,3,3,2,3,2,5,5,2,2,1,1,1,1,2,2,2,3,1,3,3,8,2,2,-1
STUDENT121,2,1,1,3,1,1,1,2,2,3,3,3,2,1,3,4,1,1,1,1,1,2,2,1,3,3,3,2,2,2,8,1,4,0
STUDENT121,2,1,1,3,1,1,1,2,2,3,3,3,2,1,3,4,1,1,1,1,1,2,2,1,3,3,3,2,2,2,8,1,4,1
STUDENT121,2,1,1,3,1,1,1,2,2,3,3,3,2,1,3,4,1,1,1,1,1,2,2,1,3,3,3,2,2,2,8,1,6,2
STUDENT121,2,1,1,3,1,1,1,2,2,3,3,3,2,1,3,4,1,1,1,1,1,2,2,1,3,3,3,2,2,2,8,1,4,3
STUDENT121,2,1,1,3,1,1,1,2,2,3,3,3,2,1,3,4,1,1,1,1,1,2,2,1,3,3,3,2,2,2,8,1,1,-1
STUDENT122,2,1,2,3,1,1,1,1,2,1,1,1,5,3,2,4,5,3,3,1,3,1,2,1,1,1,1,1,1,1,8,0,3,0
STUDENT122,2,1,2,3,1,1,1,1,2,1,1,1,5,3,2,4,5,3,3,1,3,1,2,1,1,1,1,1,1,1,8,0,4,1
STUDENT122,2,1,2,3,1,1,1,1,2,1,1,1,5,3,2,4,5,3,3,1,3,1,2,1,1,1,1,1,1,1,8,0,3,2
STUDENT122,2,1,2,3,1,1,1,1,2,1,1,1,5,3,2,4,5,3,3,1,3,1,2,1,1,1,1,1,1,1,8,0,3,3
STUDENT122,2,1,2,3,1,1,1,1,2,1,1,1,5,3,2,4,5,3,3,1,3,1,2,1,1,1,1,1,1,1,8,0,0,-1
STUDENT123,1,2,2,5,2,1,2,1,1,1,3,3,2,1,2,1,2,1,2,1,2,1,2,1,3,2,2,1,4,3,8,2,2,0
STUDENT123,1,2,2,5,2,1,2,1,1,1,3,3,2,1,2,1,2,1,2,1,2,1,2,1,3,2,2,1,4,3,8,2,3,1
STUDENT123,1,2,2,5,2,1,2,1,1,1,3,3,2,1,2,1,2,1,2,1,2,1,2,1,3,2,2,1,4,3,8,2,3,2
STUDENT123,1,2,2,5,2,1,2,1,1,1,3,3,2,1,2,1,2,1,2,1,2,1,2,1,3,2,2,1,4,3,8,2,3,3
STUDENT123,1,2,2,5,2,1,2,1,1,1,3,3,2,1,2,1,2,1,2,1,2,1,2,1,3,2,2,1,4,3,8,2,2,-1
STUDENT124,2,1,3,3,2,2,2,3,1,1,3,2,4,1,1,1,2,2,3,2,1,1,1,1,3,3,2,1,1,1,8,1,4,0
STUDENT124,2,1,3,3,2,2,2,3,1,1,3,2,4,1,1,1,2,2,3,2,1,1,1,1,3,3,2,1,1,1,8,1,2,1
STUDENT124,2,1,3,3,2,2,2,3,1,1,3,2,4,1,1,1,2,2,3,2,1,1,1,1,3,3,2,1,1,1,8,1,4,2
STUDENT124,2,1,3,3,2,2,2,3,1,1,3,2,4,1,1,1,2,2,3,2,1,1,1,1,3,3,2,1,1,1,8,1,4,3
STUDENT124,2,1,3,3,2,2,2,3,1,1,3,2,4,1,1,1,2,2,3,2,1,1,1,1,3,3,2,1,1,1,8,1,1,-1
STUDENT125,1,1,2,4,1,1,1,1,1,3,2,3,2,1,4,3,4,2,2,2,1,1,2,2,3,3,2,1,3,3,9,3,5,0
STUDENT125,1,1,2,4,1,1,1,1,1,3,2,3,2,1,4,3,4,2,2,2,1,1,2,2,3,3,2,1,3,3,9,3,6,1
STUDENT125,1,1,2,4,1,1,1,1,1,3,2,3,2,1,4,3,4,2,2,2,1,1,2,2,3,3,2,1,3,3,9,3,6,2
STUDENT125,1,1,2,4,1,1,1,1,1,3,2,3,2,1,4,3,4,2,2,2,1,1,2,2,3,3,2,1,3,3,9,3,5,3
STUDENT125,1,1,2,4,1,1,1,1,1,3,2,3,2,1,4,3,4,2,2,2,1,1,2,2,3,3,2,1,3,3,9,3,3,-1
STUDENT126,1,1,2,5,1,1,2,1,1,3,1,1,5,1,2,3,3,2,3,2,1,1,1,2,3,2,3,1,1,3,9,2,5,0
STUDENT126,1,1,2,5,1,1,2,1,1,3,1,1,5,1,2,3,3,2,3,2,1,1,1,2,3,2,3,1,1,3,9,2,5,1
STUDENT126,1,1,2,5,1,1,2,1,1,3,1,1,5,1,2,3,3,2,3,2,1,1,1,2,3,2,3,1,1,3,9,2,4,2
STUDENT126,1,1,2,5,1,1,2,1,1,3,1,1,5,1,2,3,3,2,3,2,1,1,1,2,3,2,3,1,1,3,9,2,5,3
STUDENT126,1,1,2,5,1,1,2,1,1,3,1,1,5,1,2,3,3,2,3,2,1,1,1,2,3,2,3,1,1,3,9,2,2,-1
STUDENT127,1,1,1,4,1,1,1,3,2,3,4,6,2,1,4,3,4,2,3,1,1,1,2,1,3,3,3,1,2,2,9,3,6,0
STUDENT127,1,1,1,4,1,1,1,3,2,3,4,6,2,1,4,3,4,2,3,1,1,1,2,1,3,3,3,1,2,2,9,3,5,1
STUDENT127,1,1,1,4,1,1,1,3,2,3,4,6,2,1,4,3,4,2,3,1,1,1,2,1,3,3,3,1,2,2,9,3,6,2
STUDENT127,1,1,1,4,1,1,1,3,2,3,4,6,2,1,4,3,4,2,3,1,1,1,2,1,3,3,3,1,2,2,9,3,6,3
STUDENT127,1,1,1,4,1,1,1,3,2,3,4,6,2,1,4,3,4,2,3,1,1,1,2,1,3,3,3,1,2,2,9,3,3,-1
STUDENT128,1,1,2,4,2,2,2,1,4,3,3,2,2,1,3,4,2,1,1,2,1,1,1,1,3,2,2,1,2,2,9,1,3,0
STUDENT128,1,1,2,4,2,2,2,1,4,3,3,2,2,1,3,4,2,1,1,2,1,1,1,1,3,2,2,1,2,2,9,1,3,1
STUDENT128,1,1,2,4,2,2,2,1,4,3,3,2,2,1,3,4,2,1,1,2,1,1,1,1,3,2,2,1,2,2,9,1,3,2
STUDENT128,1,1,2,4,2,2,2,1,4,3,3,2,2,1,3,4,2,1,1,2,1,1,1,1,3,2,2,1,2,2,9,1,4,3
STUDENT128,1,1,2,4,2,2,2,1,4,3,3,2,2,1,3,4,2,1,1,2,1,1,1,1,3,2,2,1,2,2,9,1,1,-1
STUDENT129,1,1,2,4,2,1,1,1,4,3,3,4,2,1,4,2,2,1,1,2,1,1,1,1,3,2,2,1,2,2,9,0,5,0
STUDENT129,1,1,2,4,2,1,1,1,4,3,3,4,2,1,4,2,2,1,1,2,1,1,1,1,3,2,2,1,2,2,9,0,4,1
STUDENT129,1,1,2,4,2,1,1,1,4,3,3,4,2,1,4,2,2,1,1,2,1,1,1,1,3,2,2,1,2,2,9,0,3,2
STUDENT129,1,1,2,4,2,1,1,1,4,3,3,4,2,1,4,2,2,1,1,2,1,1,1,1,3,2,2,1,2,2,9,0,4,3
STUDENT129,1,1,2,4,2,1,1,1,4,3,3,4,2,1,4,2,2,1,1,2,1,1,1,1,3,2,2,1,2,2,9,0,0,-1
STUDENT130,1,1,2,3,1,1,2,1,1,1,1,1,3,1,2,4,4,2,3,2,1,1,2,2,3,2,3,2,2,3,9,3,6,0
STUDENT130,1,1,2,3,1,1,2,1,1,1,1,1,3,1,2,4,4,2,3,2,1,1,2,2,3,2,3,2,2,3,9,3,5,1
STUDENT130,1,1,2,3,1,1,2,1,1,1,1,1,3,1,2,4,4,2,3,2,1,1,2,2,3,2,3,2,2,3,9,3,5,2
STUDENT130,1,1,2,3,1,1,2,1,1,1,1,1,3,1,2,4,4,2,3,2,1,1,2,2,3,2,3,2,2,3,9,3,5,3
STUDENT130,1,1,2,3,1,1,2,1,1,1,1,1,3,1,2,4,4,2,3,2,1,1,2,2,3,2,3,2,2,3,9,3,3,-1
STUDENT131,1,1,2,3,1,1,2,1,1,1,1,2,3,1,2,4,4,2,2,2,1,1,1,2,3,1,3,2,2,3,9,1,4,0
STUDENT131,1,1,2,3,1,1,2,1,1,1,1,2,3,1,2,4,4,2,2,2,1,1,1,2,3,1,3,2,2,3,9,1,4,1
STUDENT131,1,1,2,3,1,1,2,1,1,1,1,2,3,1,2,4,4,2,2,2,1,1,1,2,3,1,3,2,2,3,9,1,5,2
STUDENT131,1,1,2,3,1,1,2,1,1,1,1,2,3,1,2,4,4,2,2,2,1,1,1,2,3,1,3,2,2,3,9,1,4,3
STUDENT131,1,1,2,3,1,1,2,1,1,1,1,2,3,1,2,4,4,2,2,2,1,1,1,2,3,1,3,2,2,3,9,1,1,-1
STUDENT132,1,1,1,5,2,1,2,1,2,2,4,3,1,1,3,2,4,1,3,2,1,1,1,2,3,2,3,1,5,3,9,4,4,0
STUDENT132,1,1,1,5,2,1,2,1,2,2,4,3,1,1,3,2,4,1,3,2,1,1,1,2,3,2,3,1,5,3,9,4,7,1
STUDENT132,1,1,1,5,2,1,2,1,2,2,4,3,1,1,3,2,4,1,3,2,1,1,1,2,3,2,3,1,5,3,9,4,5,2
STUDENT132,1,1,1,5,2,1,2,1,2,2,4,3,1,1,3,2,4,1,3,2,1,1,1,2,3,2,3,1,5,3,9,4,6,3
STUDENT132,1,1,1,5,2,1,2,1,2,2,4,3,1,1,3,2,4,1,3,2,1,1,1,2,3,2,3,1,5,3,9,4,4,-1
STUDENT133,1,1,1,5,2,1,2,1,1,2,1,2,3,1,2,1,2,2,3,2,1,1,2,1,3,2,3,1,5,4,9,3,5,0
STUDENT133,1,1,1,5,2,1,2,1,1,2,1,2,3,1,2,1,2,2,3,2,1,1,2,1,3,2,3,1,5,4,9,3,4,1
STUDENT133,1,1,1,5,2,1,2,1,1,2,1,2,3,1,2,1,2,2,3,2,1,1,2,1,3,2,3,1,5,4,9,3,5,2
STUDENT133,1,1,1,5,2,1,2,1,1,2,1,2,3,1,2,1,2,2,3,2,1,1,2,1,3,2,3,1,5,4,9,3,4,3
STUDENT133,1,1,1,5,2,1,2,1,1,2,1,2,3,1,2,1,2,2,3,2,1,1,2,1,3,2,3,1,5,4,9,3,3,-1
STUDENT134,1,1,2,5,2,2,1,1,1,1,1,1,1,1,2,3,3,1,2,2,1,1,1,1,3,3,3,2,5,3,9,3,6,0
STUDENT134,1,1,2,5,2,2,1,1,1,1,1,1,1,1,2,3,3,1,2,2,1,1,1,1,3,3,3,2,5,3,9,3,5,1
STUDENT134,1,1,2,5,2,2,1,1,1,1,1,1,1,1,2,3,3,1,2,2,1,1,1,1,3,3,3,2,5,3,9,3,5,2
STUDENT134,1,1,2,5,2,2,1,1,1,1,1,1,1,1,2,3,3,1,2,2,1,1,1,1,3,3,3,2,5,3,9,3,4,3
STUDENT134,1,1,2,5,2,2,1,1,1,1,1,1,1,1,2,3,3,1,2,2,1,1,1,1,3,3,3,2,5,3,9,3,3,-1
STUDENT135,1,1,2,4,2,1,2,1,2,3,1,1,2,1,4,3,2,2,2,2,1,1,1,1,2,1,2,1,2,3,9,1,5,0
STUDENT135,1,1,2,4,2,1,2,1,2,3,1,1,2,1,4,3,2,2,2,2,1,1,1,1,2,1,2,1,2,3,9,1,3,1
STUDENT135,1,1,2,4,2,1,2,1,2,3,1,1,2,1,4,3,2,2,2,2,1,1,1,1,2,1,2,1,2,3,9,1,4,2
STUDENT135,1,1,2,4,2,1,2,1,2,3,1,1,2,1,4,3,2,2,2,2,1,1,1,1,2,1,2,1,2,3,9,1,4,3
STUDENT135,1,1,2,4,2,1,2,1,2,3,1,1,2,1,4,3,2,2,2,2,1,1,1,1,2,1,2,1,2,3,9,1,1,-1
STUDENT136,2,1,2,3,1,1,2,1,4,2,3,3,1,1,2,1,2,3,2,1,3,1,1,1,3,3,2,1,3,2,9,2,3,0
STUDENT136,2,1,2,3,1,1,2,1,4,2,3,3,1,1,2,1,2,3,2,1,3,1,1,1,3,3,2,1,3,2,9,2,4,1
STUDENT136,2,1,2,3,1,1,2,1,4,2,3,3,1,1,2,1,2,3,2,1,3,1,1,1,3,3,2,1,3,2,9,2,2,2
STUDENT136,2,1,2,3,1,1,2,1,4,2,3,3,1,1,2,1,2,3,2,1,3,1,1,1,3,3,2,1,3,2,9,2,4,3
STUDENT136,2,1,2,3,1,1,2,1,4,2,3,3,1,1,2,1,2,3,2,1,3,1,1,1,3,3,2,1,3,2,9,2,2,-1
STUDENT137,1,1,2,3,1,1,1,1,2,3,3,3,3,1,3,4,2,2,2,2,1,1,3,1,3,2,2,1,2,2,9,0,4,0
STUDENT137,1,1,2,3,1,1,1,1,2,3,3,3,3,1,3,4,2,2,2,2,1,1,3,1,3,2,2,1,2,2,9,0,4,1
STUDENT137,1,1,2,3,1,1,1,1,2,3,3,3,3,1,3,4,2,2,2,2,1,1,3,1,3,2,2,1,2,2,9,0,4,2
STUDENT137,1,1,2,3,1,1,1,1,2,3,3,3,3,1,3,4,2,2,2,2,1,1,3,1,3,2,2,1,2,2,9,0,2,3
STUDENT137,1,1,2,3,1,1,1,1,2,3,3,3,3,1,3,4,2,2,2,2,1,1,3,1,3,2,2,1,2,2,9,0,0,-1
STUDENT138,1,1,1,5,2,1,2,1,1,1,2,2,2,1,2,1,2,2,2,1,1,1,1,1,3,1,3,1,2,4,9,2,3,0
STUDENT138,1,1,1,5,2,1,2,1,1,1,2,2,2,1,2,1,2,2,2,1,1,1,1,1,3,1,3,1,2,4,9,2,5,1
STUDENT138,1,1,1,5,2,1,2,1,1,1,2,2,2,1,2,1,2,2,2,1,1,1,1,1,3,1,3,1,2,4,9,2,3,2
STUDENT138,1,1,1,5,2,1,2,1,1,1,2,2,2,1,2,1,2,2,2,1,1,1,1,1,3,1,3,1,2,4,9,2,5,3
STUDENT138,1,1,1,5,2,1,2,1,1,1,2,2,2,1,2,1,2,2,2,1,1,1,1,1,3,1,3,1,2,4,9,2,2,-1
STUDENT139,1,1,2,4,1,1,1,5,2,3,3,1,1,2,4,5,2,2,3,2,3,1,2,1,3,2,3,1,1,3,9,0,5,0
STUDENT139,1,1,2,4,1,1,1,5,2,3,3,1,1,2,4,5,2,2,3,2,3,1,2,1,3,2,3,1,1,3,9,0,5,1
STUDENT139,1,1,2,4,1,1,1,5,2,3,3,1,1,2,4,5,2,2,3,2,3,1,2,1,3,2,3,1,1,3,9,0,5,2
STUDENT139,1,1,2,4,1,1,1,5,2,3,3,1,1,2,4,5,2,2,3,2,3,1,2,1,3,2,3,1,1,3,9,0,5,3
STUDENT139,1,1,2,4,1,1,1,5,2,3,3,1,1,2,4,5,2,2,3,2,3,1,2,1,3,2,3,1,1,3,9,0,0,-1
STUDENT140,1,1,2,4,1,2,1,2,2,3,3,3,1,1,5,4,1,1,2,2,1,2,2,1,2,3,2,1,1,2,9,0,5,0
STUDENT140,1,1,2,4,1,2,1,2,2,3,3,3,1,1,5,4,1,1,2,2,1,2,2,1,2,3,2,1,1,2,9,0,5,1
STUDENT140,1,1,2,4,1,2,1,2,2,3,3,3,1,1,5,4,1,1,2,2,1,2,2,1,2,3,2,1,1,2,9,0,5,2
STUDENT140,1,1,2,4,1,2,1,2,2,3,3,3,1,1,5,4,1,1,2,2,1,2,2,1,2,3,2,1,1,2,9,0,4,3
STUDENT140,1,1,2,4,1,2,1,2,2,3,3,3,1,1,5,4,1,1,2,2,1,2,2,1,2,3,2,1,1,2,9,0,0,-1
STUDENT141,2,1,2,3,1,1,2,1,1,2,1,2,2,2,2,4,3,3,2,1,1,1,1,1,2,1,2,1,3,3,9,5,5,0
STUDENT141,2,1,2,3,1,1,2,1,1,2,1,2,2,2,2,4,3,3,2,1,1,1,1,1,2,1,2,1,3,3,9,5,5,1
STUDENT141,2,1,2,3,1,1,2,1,1,2,1,2,2,2,2,4,3,3,2,1,1,1,1,1,2,1,2,1,3,3,9,5,4,2
STUDENT141,2,1,2,3,1,1,2,1,1,2,1,2,2,2,2,4,3,3,2,1,1,1,1,1,2,1,2,1,3,3,9,5,5,3
STUDENT141,2,1,2,3,1,1,2,1,1,2,1,2,2,2,2,4,3,3,2,1,1,1,1,1,2,1,2,1,3,3,9,5,5,-1
STUDENT142,1,1,2,4,2,2,2,1,4,2,1,1,5,1,2,1,3,2,2,2,1,2,1,1,3,2,2,1,5,3,9,5,3,0
STUDENT142,1,1,2,4,2,2,2,1,4,2,1,1,5,1,2,1,3,2,2,2,1,2,1,1,3,2,2,1,5,3,9,5,3,1
STUDENT142,1,1,2,4,2,2,2,1,4,2,1,1,5,1,2,1,3,2,2,2,1,2,1,1,3,2,2,1,5,3,9,5,4,2
STUDENT142,1,1,2,4,2,2,2,1,4,2,1,1,5,1,2,1,3,2,2,2,1,2,1,1,3,2,2,1,5,3,9,5,4,3
STUDENT142,1,1,2,4,2,2,2,1,4,2,1,1,5,1,2,1,3,2,2,2,1,2,1,1,3,2,2,1,5,3,9,5,5,-1
STUDENT143,1,1,1,4,2,2,2,1,1,1,3,4,4,1,2,4,2,2,2,1,1,1,1,1,3,3,2,1,4,3,9,1,4,0
STUDENT143,1,1,1,4,2,2,2,1,1,1,3,4,4,1,2,4,2,2,2,1,1,1,1,1,3,3,2,1,4,3,9,1,5,1
STUDENT143,1,1,1,4,2,2,2,1,1,1,3,4,4,1,2,4,2,2,2,1,1,1,1,1,3,3,2,1,4,3,9,1,4,2
STUDENT143,1,1,1,4,2,2,2,1,1,1,3,4,4,1,2,4,2,2,2,1,1,1,1,1,3,3,2,1,4,3,9,1,5,3
STUDENT143,1,1,1,4,2,2,2,1,1,1,3,4,4,1,2,4,2,2,2,1,1,1,1,1,3,3,2,1,4,3,9,1,1,-1
STUDENT144,2,1,2,4,1,1,1,5,2,3,4,4,1,1,3,3,2,2,1,1,1,1,2,1,2,1,2,1,5,3,9,4,5,0
STUDENT144,2,1,2,4,1,1,1,5,2,3,4,4,1,1,3,3,2,2,1,1,1,1,2,1,2,1,2,1,5,3,9,4,4,1
STUDENT144,2,1,2,4,1,1,1,5,2,3,4,4,1,1,3,3,2,2,1,1,1,1,2,1,2,1,2,1,5,3,9,4,4,2
STUDENT144,2,1,2,4,1,1,1,5,2,3,4,4,1,1,3,3,2,2,1,1,1,1,2,1,2,1,2,1,5,3,9,4,4,3
STUDENT144,2,1,2,4,1,1,1,5,2,3,4,4,1,1,3,3,2,2,1,1,1,1,2,1,2,1,2,1,5,3,9,4,4,-1
STUDENT145,1,1,1,5,2,2,2,3,1,1,3,1,5,1,2,4,3,1,1,1,1,1,2,1,3,2,3,1,5,4,9,3,3,0
STUDENT145,1,1,1,5,2,2,2,3,1,1,3,1,5,1,2,4,3,1,1,1,1,1,2,1,3,2,3,1,5,4,9,3,5,1
STUDENT145,1,1,1,5,2,2,2,3,1,1,3,1,5,1,2,4,3,1,1,1,1,1,2,1,3,2,3,1,5,4,9,3,4,2
STUDENT145,1,1,1,5,2,2,2,3,1,1,3,1,5,1,2,4,3,1,1,1,1,1,2,1,3,2,3,1,5,4,9,3,5,3
STUDENT145,1,1,1,5,2,2,2,3,1,1,3,1,5,1,2,4,3,1,1,1,1,1,2,1,3,2,3,1,5,4,9,3,3,-1
